File Name,Artist,Title
SOLD-WhiteUntitledBlueGreyMultiDots25_5x36_75.jpeg,Eleanor White,Untitled (Blue/Grey Multi Dots)
SOLD-WhiteEggshellBrain19_5x13_75SOLD.jpg,Eleanor White,Eggshell Brain
SOLD-WhiteUntitled_TanCirclesBlackDots19_75x14SOLD.jpg,Eleanor White,"Untitled (Tan Circles, Black Dots)"
SOLD-WhiteGraphMandala005_12x12SOLD.jpg,Eleanor White,Graph Mandala 005
SOLD-WhiteGraphMandala004_12x12SOLD,Eleanor White,Graph Mandala 004 (blue center glass bead dots)
SOLD-WhiteUntitledDiptych23_75x17_75eachSOLD,Eleanor White,Untitled Diptych
SOLD-WhiteUntitledDiptych23_75x17_75eachSOLD.jpeg,Eleanor White,Untitled (Multi Dots) Diptych
SOLD-WhiteBlueBrownDots57_5x17_75SOLD.jpg,Eleanor White,Blue Brown Dots
SOLD-WhiteUntitledBrownBlueDots33_25x10_25SOLD.jpeg,Eleanor White,Untitled (Brown/Blue Dots)
SOLD-WhiteUntitledGrayMultiDots16_25x23SOLD.JPG,Eleanor White,Untitled Gray Multi Dots
N/A,Eleanor White,Double Hearts
SOLD-EWhite24KPlayingCardSpade2011GoldLeafedPlayingCard8x6SOLD.jpg,Eleanor White,"24K Gold Playing Cards, (Spade)"
SOLD-WatsonSilenceMakesMeCrazy48x36SOLD copy.jpg,Janna Watson,SILENCE MAKES ME CRAZY
SOLD-WatsonMOVINGINTOTHEMYSTERYOFSLEEP36x36SOLD.jpg,Janna Watson,MOVING INTO THE MYSTERY OF SLEEP
SOLD-WatsonDARKNESSISACULTURALBROTH48x36SOLD.jpg,Janna Watson,DARKNESS IS A CULTURAL BROTH
SOLD-WatsonLightAndShadowAreSilentPhantoms60x48SOLD.jpg,Janna Watson,LIGHTS & SHADOW ARE SILENT PHANTOMS
SOLD-WatsonIMOVEINSIDEAMYSTERYWHENISLEEP48x48SOLD.jpg,Janna Watson,I MOVE INSIDE A MYSTERY WHEN I SLEEP
SOLD-WatsonDARKER_THAN_AN_OLIVE36x36SOLD.jpg,Janna Watson,DARKER THAN AN OLIVE
SOLD-WatsonNEARTOAWILDHEART48x48SOLD.jpg,Janna Watson,NEAR TO A WILD HEART
SOLD-WatsonWakingUpInSlowMovingMorning60x48SOLD.jpg,Janna Watson,Waking Up in Slow Moving Morning
SOLD-WatsonI_DONT_PAINT_IDEAS36x36SOLD.jpg,Janna Watson,I DONT PAINT IDEAS
SOLD-WatsonStatic48x48SOLD.jpg,Janna Watson,Static
SOLD-WatsonAnotherOceanMetaphor48x36SOLD.jpg,Janna Watson,Another Ocean Metaphor
SOLD-UrsoPapaya48x36SOLD.jpg,Josette Urso,Papaya
SOLD-UrsoTGIF48x36SOLD.jpg,Josette Urso,TGIF
SOLD-UrsoCHESNUT48x36SOLD.jpg,Josette Urso,Chestnut
SOLD-UrsoHeadOverHeels36x48SOLD.jpg,Josette Urso,Head Over Heels
N/A,Josette Urso,Avocado ONE
N/A,Josette Urso,Q
SOLD-UrsoSkyWalk16x20SOLD.jpg,Josette Urso,Sky Walk
SOLD-UrsoHighWire60x48SOLD.jpg,Josette Urso,High Wire
SOLD-UrsoSunrise36x48SOLD.jpg,Josette Urso,Sunrise
SOLD-UrsoOrchidBloom48x36SOLD.jpg,Josette Urso,Orchid Bloom
SOLD-UrsoThisSideUp11Collage36x36sold.jpg,Josette Urso,This Side Up
SOLD-UrsoCelsius48x36SOLD.jpg,Josette Urso,Celsius
SOLD-UrsoBlueJay36x48SOLD.jpg,Josette Urso,Blue Jay
SOLD-UrsoEcho2013OilCanvas48x36SOLD.jpg,Josette Urso,Echo
SOLD-JosetteUrsoJELLOsold1.jpg,Josette Urso,JELLO
SOLD-UrsoNEVERForLUNCH11Collage36x36sold.jpg,Josette Urso,For Better For Worse but Never for Lunch
SOLD-UrsoTestDrive36x36SOLD.jpg,Josette Urso,Test Drive
SOLD-UrsoPineFlow11Collage36x36SOLD.jpg,Josette Urso,Pineflow
SOLD-UrsoTuxedo_2011Collage36x36SOLD.jpg,Josette Urso,Tuxedo
SOLD-UrsoFERN2013OilCanvas36x48SOLD.jpg,Josette Urso,Fern
SOLD-TreppenRawlingsQuarry28x32SOLD.jpg,Sophie Treppendahl,Rawlings Quarry
SOLD-TreppenStripedShirtAndSperrys34x28SOLD.jpg,Sophie Treppendahl,Striped Shirt and Sperrys
SOLD-TreppenPhysicalAttraction48x69_75SOLD.jpg,Sophie Treppendahl,Physical Attraction (Coney Island)
SOLD-TreppeYellowChairBlueStripes30x22SOLD.jpg,Sophie Treppendahl,Yellow Chair Blue Stripes
SOLD-SturgeFlourescentStillLifeWithRedBegonias33x42_5SOLD.jpg,Jeffrey Sturges,Flourescent Still Life with Red Begonias
SOLD-SturgeFlourescentStillLifewithPinkBegonia33x42_5SOLD.jpeg,Jeffrey Sturges,Flourescent Still Life with Pink Begonias
SOLD-StocktSeaBloomVar7_36x36SOLD.JPG,Eve Stockton,Sea/Bloom variation 7
SOLD-StocktWoodlandSkyscapeVar45A36x36SOLD.jpg,Eve Stockton,Woodland Skyscape variation 45A
SOLD-StocktWoodlandSkyscapeVar63_36x36SOLD.jpg,Eve Stockton,Woodland Skyscape variation 63
SOLD-StocktWoodlandSkyscapeVar73_36x36SOLD.JPG,Eve Stockton,Woodland Skyscape variation 73
SOLD-StocktSeaBloomVar8_36x36SOLD.jpg,Eve Stockton,Sea/Bloom variation 8
SOLD-StocktStreamVar1_36x36SOLD.jpg,Eve Stockton,Stream variation 1
SOLD-StocktWoodlandSkyscapeVar68_36x36HRFramedSOLD.jpg,Eve Stockton,Woodland Skyscape variation 68
SOLD-StocktBigSeascapeWatercolor36x72SOLD.JPG,Eve Stockton,Big Seascape with Watercolor
SOLD-StocktWoodlandSkyscapeIII_2_5WoodcutPrintPaper36x36.jpg,Eve Stockton,Woodland Skyscape III
N/A,Eve Stockton,Seascapes (suite)
SOLD-StocktSeaBloomVar6_36x36SOLD.JPG,Eve Stockton,Sea/Bloom variation 6
SOLD-StocktBlueSeascapeVar3_18_75x30SOLD.JPG,Eve Stockton,Blue Seascape variation 3
SOLD-StocktBlueSeascapeVar6_18_75x30SOLD.JPG,Eve Stockton,Blue Seascape variation 6
SOLD-StocktSeascapeIII_3_3_2011WoodcutPrintPaper36x36.jpg,Eve Stockton,Seascape III
SOLD-StocktStreamVar22_36x36SOLD.JPG,Eve Stockton,Stream variation 22
SOLD-StocktWoodlandSkyscapeVar36_36x36framedSOLD.jpg,Eve Stockton,Woodland Skyscape variation 36
SOLD-StocktZumBloomFigure2_2_2014WoodcutPrintTea_StainedPaper36x36SOLD.jpg,Eve Stockton,Bloom II
SOLD-StocktBigSeascapeDiptychXIIRight36x36SOLD.jpg,Eve Stockton,Big Seascape Diptych XII (right)
SOLD-StocktBigSeascapeWatercolorDiptychVIILeft36x36SOLD.jpg,Eve Stockton,Big Seascape with Watercolor Diptych VII (left)
SOLD-StocktPrimordialElements2SOLD.jpg,Eve Stockton,Primordial Elements - variation 2
SOLD-StocktStreamVar3SOLD.jpg,Eve Stockton,Stream variation 3
SOLD-StocktZumBloomVar10_36x36SOLD.JPG,Eve Stockton,Zum/Bloom variation 10 (right)
SOLD-StocktZumBloomVar9_36x36SOLD.jpg,Eve Stockton,Zum/Bloom variation 9 (left)
N/A,Eve Stockton,Network variation 44
N/A,Eve Stockton,Burst variation 33
SOLD-StocktWoodlandSkyscapeVar24_36x36SOLD.jpeg,Eve Stockton,Woodland Skyscape variation 24
SOLD-StocktSeascapeVar6_36x36SOLD.jpg,Eve Stockton,Seascape Var. 6
SOLD-StocktSeascapeVar7_1_3_36x36SOLD.jpg,Eve Stockton,Seascape Var. 7
SOLD-StocktSeascapeIVRight1_3_36x36SOLD.jpg,Eve Stockton,Seascape IV
N/A,Eve Stockton,"Jaune Bloom, 2/4"
N/A,Eve Stockton,"Bloom 41, 1/1"
SOLD-StocktZumBloomField1_5_36x36SOLD.jpg,Eve Stockton,"Zum/Bloom \xe2\x80\x93 Field, 1/5        (framed)"
SOLD-StocktGreenSeascapeVar2_12x24SOLD.jpg,Eve Stockton,"Green Seascape, variation 2"
N/A,Eve Stockton,"Woodland Reflections 1, 3/4 (left)"
N/A,Eve Stockton,"Seascape \xe2\x80\x93 var. B, 1/1"
N/A,Eve Stockton,Water Ripples 1/1
N/A,Eve Stockton,"Seascape I, 5/5"
SOLD-StocktSeascapeII_4_4_2010Woodcut36x36.jpg,Eve Stockton,"Seascape II, 4/4"
SOLD-StocktWoodlandSkyscapeVar67_36x36SOLD.jpg,Eve Stockton,"Woodland Skyscape, variation 67"
N/A,Eve Stockton,Burst \xe2\x80\x93 var. 14
N/A,Eve Stockton,"Bloom Var. 76, 1/1"
N/A,Eve Stockton,"Light Orange, Light Pink, Light Yellow Lily Bloom"
N/A,Eve Stockton,"Tree Studies 6, 12, 23, 24, 25, 26"
N/A,Eve Stockton,"Clouds Var. 16, 1/1"
N/A,Eve Stockton,"Clouds Var. 17, 1/1"
N/A,Eve Stockton,"Clouds Var. 18, 1/1"
N/A,Eve Stockton,"Zoomscape Var. 7, 1/1"
N/A,Eve Stockton,"Zoomscape Var. 8, 1/1"
N/A,Eve Stockton,"Zoomscape Var. 9, 1/1"
N/A,Eve Stockton,"Networks Var. 1, 1/1, (left)"
N/A,Eve Stockton,"Networks Var. 2, 1/1, (right)"
N/A,Eve Stockton,"Burst, variation 36"
N/A,Eve Stockton,"Woodland Landscape III, 8"
N/A,Eve Stockton,"Agrarian Var. 6, 1/1 (Winter),"
N/A,Eve Stockton,"Tree Studies 3, 6, 7, 12, 22, 24, 25, 26"
SOLD-StocktSeaBloomVar3_36x36SOLD.jpg,Eve Stockton,Sea Bloom var. 3
N/A,Eve Stockton,"Blue Lily Bloom, TP"
N/A,Eve Stockton,"Orange Lily Bloom, TP"
N/A,Eve Stockton,B & W Lily Bloom
N/A,Eve Stockton,"Yellow Lily Bloom, TP2"
N/A,Eve Stockton,"Pink Lily Bloom, TP"
N/A,Eve Stockton,Solar Blooms (red)
N/A,Eve Stockton,Glassblower II
N/A,Eve Stockton,Untitled (Dreamcatcher)
N/A,Eve Stockton,Silver Burst I
N/A,Eve Stockton,"Burst, Var. 2"
SOLD-StocktWoodlandLandscapeVIIIDiptych6WoodcutPrintPaperDibond36x72SOLD.jpeg,Eve Stockton,Woodland Landscape VIII - Diptych 6
SOLD-StocktWoodlandSkyscapeVar27_1_1_36x36SOLD.jpeg,Eve Stockton,Woodland Skyscape Var. 27
N/A,Eve Stockton,"Deepwoods II, 7/9"
N/A,Eve Stockton,"Agrarian Var. 7, 1/1 (Summer)"
N/A,Eve Stockton,"Agrarian Var. 4, 1/1 (Spring)"
N/A,Eve Stockton,Sea Bloom var.3
SOLD-StocktSeascapeDiptychIII_IVLeftSOLD.jpg,Eve Stockton,"Seascape Diptych III & IV, left & right 1/1"
N/A,Eve Stockton,"Woodland Reflections 1, 3/4 (left)"
N/A,Eve Stockton,Chives III \xe2\x80\x93 var. 4/5
N/A,Eve Stockton,Water Lilies \xe2\x80\x93 var. 2 1/1
SOLD-StocktRoundaboutVersailles1_1Woodcut22x30Sold.JPG,Eve Stockton,"Roundabout Versailles, 1/1"
N/A,Eve Stockton,"Seascape \xe2\x80\x93 var. B, 1/1"
N/A,Eve Stockton,Water Ripples 1/1
N/A,Eve Stockton,"Seascape I, 5/5"
N/A,Eve Stockton,"Seascape II, 4/4"
N/A,Eve Stockton,"Network \xe2\x80\x93 var. 32, 1/1"
N/A,Eve Stockton,"Jaune Bloom, 2/4"
N/A,Eve Stockton,"Bloom 41, 1/1"
SOLD-StocktWoodlandLanscapeVIIDLeftTP31_1_2011Woodcut36x36SOLD.jpg,Eve Stockton,"Woodland Landscape VII, D, Left T.P. 3, 1/1"
N/A,Eve Stockton,"Light Orange, Light Pink, Light Yellow Lily Bloom"
N/A,Eve Stockton,"Tree Studies 6, 12, 23, 24, 25, 26"
N/A,Eve Stockton,"Clouds Var. 16, 1/1"
N/A,Eve Stockton,"Clouds Var. 17, 1/1"
N/A,Eve Stockton,"Clouds Var. 18, 1/1"
N/A,Eve Stockton,"Zoomscape Var. 7, 1/1"
N/A,Eve Stockton,"Zoomscape Var. 8, 1/1"
N/A,Eve Stockton,"Zoomscape Var. 9, 1/1"
N/A,Eve Stockton,"Blue Zoomscape, var. 6 1/1     $3,000.00"
SOLD-StocktTidalPoolVar8_1_1_2012WoodcutPrintPaper36x36UnframedSOLD.jpg,Eve Stockton,"Tidal Pool Var. 8, 1/1"
SOLD-StocktSeascapeIII_3_3_2011WoodcutPrintPaper36x36.jpg,Eve Stockton,"Seascape III, 3/3"
N/A,Eve Stockton,"Clouds Var. 14, 1/1"
SOLD-StocktWoodlandSkyscapeVar20_36x36SOLD.jpg,Eve Stockton,"Woodland Skyscape var. 20, 1/1"
SOLD-StocktWoodlandSkyscapeVar37_36x36SOLD.jpg,Eve Stockton,"Woodland Skyscape var. 37, 1/1"
SOLD-StocktSeaBloomVar3_36x36SOLD.jpg,Eve Stockton,Sea Bloom var. 3
N/A,Eve Stockton,"Water I \xe2\x80\x93 Var. F, 1/1     $3,000.00"
SOLD-StocktWoodlandSkyscapeVar22_1_1_2011WoodcutPrintPaper36x36SOLD.jpg,Eve Stockton,"Woodland Skyscape, var. 22, 1/1"
SOLD-StocktWoodlandSkyscapeVar25_1_1_2012WoodcutPrintPaper36x36SOLD.JPG,Eve Stockton,"Woodland Skyscape, var. 25, 1/1"
SOLD-StocktWoodlandSkyscapeVar10_1_1_2008WoodcutPrintPaper36x36SOLD.JPG,Eve Stockton,"Woodland Skyscape Var. 10, 1/1"
N/A,Eve Stockton,"Agrarian Var. 6, 1/1 (Winter),"
N/A,Eve Stockton,"Clouds \xe2\x80\x93 Var. 8 1/1, 2012"
N/A,Eve Stockton,"Woodland Skyscape\xe2\x80\x94var. 13, 1/1 (Woodland Skyscape Series)"
N/A,Eve Stockton,Solar Blooms (red)
N/A,Eve Stockton,Glassblower II
N/A,Eve Stockton,Untitled (Dreamcatcher)
SOLD-StocktWoodlandSkyscapeVar66_36x36HRSOLD.jpg,Eve Stockton,Woodland Skyscape variation 66
SOLD-StocktWoodlandLandscapeII36x72SOLD.jpeg,Eve Stockton,Woodland Landscape II
N/A,Eve Stockton,"Tree Studies 3, 6, 7, 12, 22, 24, 25, 26"
SOLD-StocktSeascapeDiptychIII_IVLeftSOLD.jpg,Eve Stockton,"Seascape Diptych III, left"
SOLD-StocktSeascapeVar5_2_2_36x36SOLD.jpg,Eve Stockton,Seascape Var. 5
SOLD-StocktSeascapeVar7_1_3_36x36SOLD.jpg,Eve Stockton,Seascape Var. 7
SOLD-StocktSeascapeDiptychIII_Right36x36.jpg,Eve Stockton,Seascape Diptych III IV (right)
N/A,Eve Stockton,Bloom Var. 38 1/1
N/A,Eve Stockton,Bloom Var. 38 1/1
SOLD-StocktWaterscapeII_11_75x30SOLD.JPG,Eve Stockton,Waterscape II
N/A,Eve Stockton,Burst variation 21
SOLD-StocktWoodlandSkyscapeVar26_1_1_36x36SOLD.jpeg,Eve Stockton,Woodland Skyscape Var. 26
SOLD-StocktWoodlandSkyscapeVar28_36x36SOLD.jpeg,Eve Stockton,Woodland Skyscape Var. 28
N/A,Eve Stockton,"Networks Var. 1, 1/1, (left)"
N/A,Eve Stockton,"Networks Var. 2, 1/1, (right)"
SOLD-SillsPorchAtNight25x23SOLD.jpg,Francis Sills,Porch at Night
SOLD-SillsOrchid34x26SOLD.jpg,Francis Sills,Orchid
SOLD-SillsLily22x15SOLD.jpg,Francis Sills,Lily
SOLD-SillsHibiscusBlooming2_22x15SOLD.jpg,Francis Sills,Hibiscus Blooming 2
SOLD-SillsStillLifeWithFlowers14x12SOLD.jpg,Francis Sills,Still Life With Flowers
SOLD-SillsFrontYard2013OilLinen21x28SOLD.jpg,Francis Sills,Front Yard
SOLD-SillsLivingRoom2012OilLinen22x28SOLD.jpg,Francis Sills,"Living Room        $3,800.00"
SOLD-SillsPetunias15x22SOLD.jpg,Francis Sills,Petunias    (unframed)
SOLD-SillsFlowers15x22SOLD.jpg,Francis Sills,Flowers    (unframed)
SOLD-SillsFlowersStillLifeII_7_5x10SOLD.jpg,Francis Sills,Flowers Still Life II
N/A,Francis Sills,Bedroom
SOLD-SillsFloweringBulb2010OilCanvas14x22SOLD.jpg,Francis Sills,Flowering Bulb
SOLD-SillsWiltedRoses2013OilLinen9x12SOLD.jpg,Francis Sills,Wilted Roses
SOLD-SillsAngelOakII_2011CharcoalOnPaper22x30$950sold.jpg,Francis Sills,Angel Oak (II)
SOLD-SearsPassengers15x29_5SOLD.jpg,Holly Sears,"South #3, ""Passengers"""
SOLD-N1_SongbirdsPrintflatedition8of18SOLD.jpg,Holly Sears,Songbirds N1
SOLD-HSearsElephants2011_15x29_5OilLaminatedBoardSOLD.jpg,Holly Sears,S4 Elephants II
N/A,Holly Sears,S6 Owls
N/A,Holly Sears,"Swimmers, edition 7/18    $500.00"
SOLD-HSearsSongbirds15x28_3_8OliLaminatedBoardSOLD.jpg,Holly Sears,"Songbirds edition 5/18 (birds include: Red-winged Blackbirds, Chickadees, Blue Jay, Baltimore Orioles, Cardinals, Nuthatch, Goldfinch, Common Yellowthroat)"
N/A,Holly Sears,Swimmers
N/A,Holly Sears,"South #4, ""Elephants\xe2\x80\x9d"
N/A,Holly Sears,Swimmers
N/A,Holly Sears,"North #2, ""Undertow\xe2\x80\x9d"
N/A,Holly Sears,"North #3, ""Ride"""
N/A,Holly Sears,"North #4, ""Swallows"""
N/A,Holly Sears,North 1 Songbirds II
N/A,Holly Sears,S4 Elephants II (variant)
N/A,Holly Sears,S6 Owls
N/A,Holly Sears,N1 Songbirds (variant)
N/A,Holly Sears,Songbirds edition 6/18      $500.00
SOLD-SancheDontForgetToBreathe60x36SOLD.jpg,Yolanda Sanchez,Don\xe2\x80\x99t Forget to Breathe
SOLD-SancheWait2011OilCanvas60x48SOLD.jpg,Yolanda Sanchez,Wait
N/A,Yolanda Sanchez,Monk\xe2\x80\x99s Pond
SOLD-PiccoPeony44x44SOLD.jpeg,Roger Ricco,Peony
SOLD-RiccoPeonies7_26_5x38_5SOLD.jpg,Roger Ricco,Peonies 7
SOLD-RiccoPeonies3_26_5x38_5SOLD.jpg,Roger Ricco,Peonies 3
N/A,Roger Ricco,"FEATHERS 003A, 1/10"
N/A,Roger Ricco,"FEATHERS 002, 1/10"
N/A,Roger Ricco,"FEATHERS 003A, 2/10"
SOLD-RiccoCubeShellAndSphere1_32x32SOLD.jpg,Roger Ricco,"Cube, Shell and Sphere #001"
N/A,Roger Ricco,White Peony #002
SOLD-RiccoDriedAmaryllis001InvEdition1_10_26x38SOLD.jpeg,Roger Ricco,Dried Amaryllis (001) Inv.
N/A,Roger Ricco,Shadow Series Lemon Tree #001
SOLD-RiccoSmallBottles3_32_50x32_50SOLD.jpg,Roger Ricco,Small Bottles 3
SOLD-RiccoSmallBottles24SOLD.jpg,Roger Ricco,Small Bottles 24
N/A,Roger Ricco,"FEATHERS 001, 1/10"
SOLD-PincusBlackBowl6_5x8x8SOLD.jpg,Peter Pincus,Black Bowl
SOLD-PaulsePursuit26x45SOLD.JPG,Kevin Paulsen,Pursuit
SOLD-PaulseOutskirts13_18x24SOLD.jpg,Kevin Paulsen,Untitled (Outskirts 13)
SOLD-PaulseTheMostExcellentandLamentableTragedies48x48SOLD.jpg,Kevin Paulsen,The Most Excellent and Lamentable Tragedies
N/A,Kevin Paulsen,River with Red Birds (Eclipse)
SOLD-PaulseMetaphysicalFence3_32x34_25SOLD.jpg,Kevin Paulsen,Metaphysical Fence 3
SOLD-PaulseBonaDea_36x60SOLD.jpg,Kevin Paulsen,Bona Dea 4
SOLD-PaulseOutskirts1_24x18SOLD.jpg,Kevin Paulsen,Outskirts 1
SOLD-PaulseBabelLaunch_48x72SOLD copy.JPG,Kevin Paulsen,Babel Launch
N/A,Kevin Paulsen,Metaphysical Fence
SOLD-PaulsApproachAndCommerce2007PigmentPlasterOverPolystyreneFoamBoard46x58SOLD.JPG,Kevin Paulsen,Approach and Commerce
SOLD-PaulseLastBastion3Twilight_53_5x72SOLD.jpg,Kevin Paulsen,The Last Bastion 3 (Twilight)
SOLD-PaulseOutskirts14_42x19SOLD.jpg,Kevin Paulsen,Outskirts 14
N/A,Kevin Paulsen,Bona Dea 3
SOLD-ParkeNightBirds36x36SOLD.jpg,Melanie Parke,Nightbirds
SOLD-ParkeAnemoneTea12x12SOLD.jpg,Melanie Parke,Anemone Tea
SOLD-ParkeRedCottage48x60SOLD.jpg,Melanie Parke,Red Cottage
SOLD-ParkeOrchidTable48x52SOLD.jpg,Melanie Parke,Orchid Table
SOLD-ParkeNausicaa49x44SOLD.jpg,Melanie Parke,Nausicaa
SOLD-ParkeViburnumMing36x30SOLD.jpg,Melanie Parke,Viburnum Ming
SOLD-ParkeYellowIris44x49SOLD.jpg,Melanie Parke,Yellow Iris
SOLD-ParkeJuliasGarden48x48SOLD.jpg,Melanie Parke,Julias Garden
SOLD-ParkeSisters30x40SOLD.jpg,Melanie Parke,Sisters
SOLD-ParkeAmaryllisTable35x40SOLD.jpg,Melanie Parke,Amaryllis Table
SOLD-ParkeTheVoiceInEveryObject40x44SOLD.jpg,Melanie Parke,The Voice in Every Object
SOLD-ParkeTravelersTeaPot36x36SOLD.jpg,Melanie Parke,Travelers Tea Pot
SOLD-ParkeGoldsandledDawn35x40SOLD.jpg,Melanie Parke,Goldsandled Dawn
SOLD-ParkeRoomForSatie42x38SOLD.jpg,Melanie Parke,Room for Satie
SOLD-ParkeTapestryVases20x20SOLD.jpg,Melanie Parke,Tapestry Vases
SOLD-ParkeGlads44x49SOLD.jpg,Melanie Parke,Glads
SOLD-ParkeEleanorRose22x20SOLD.jpg,Melanie Parke,Eleanor Rose
SOLD-ParkeRedToile20x16SOLD.jpg,Melanie Parke,Red Toile
N/A,Jill Parisi,TBD
SOLD-ParisiVernalEfflorescence20x40HRSOLD.jpg,Jill Parisi,Vernal Efflorescence
N/A,Jill Parisi,Untitled Commission
SOLD-ParisiPaperGarden60x40SOLD.jpg,Jill Parisi,Paper Garden
SOLD-ParisiDotsandLoops10x10HRSOLD.jpg,Jill Parisi,Dots and Loops
SOLD-ParisiShinyStar36x36x2_5HRSOLD.jpg,Jill Parisi,Shiny Star
SOLD-ParisiQuinquefoliaTriplestar10x10HRSOLD.jpg,Jill Parisi,Quinquefolia Triplestar
SOLD-ParisiSisterNancysPicnic36_5x36_5x6_25SOLD.jpg,Jill Parisi,Sister Nancys Picnic
SOLD-ParisiBotanicalIllustrationITurquoiseBlue20x15SOLD.jpg,Jill Parisi,Botanical Illustration I
SOLD-ParisiShiboriStar10x10SOLD.jpg,Jill Parisi,Shibori Star
N/A,Jill Parisi,Cascade II
N/A,Jill Parisi,"Botanical Illustration III, edition of 4 on mylar, (rose-medium pink)"
SOLD-ParisiCascade32x48SOLD.jpg,Jill Parisi,"Botanical Illustration I, edition of 3 on mylar, (tree violet, spike-blue)"
SOLD-ParisiExoticaBotanicaState1Number1_30x25SOLD.jpg,Jill Parisi,"Exotica Botanica State 1, Print Number 1"
N/A,Jill Parisi,Anemone (orange)
N/A,Jill Parisi,Strawberry Pinwheel
N/A,Jill Parisi,Untitled (Purple)
N/A,Jill Parisi,Two Anemones
SOLD-ParisiStarburstTrillium10x10white900SOLD.jpg,Jill Parisi,Trillium
N/A,Jill Parisi,"Botanical Illustration I, (Turquoise and Green)"
SOLD-ParisiKaleidoscopicWallflowers_32x40HRSOLD.jpg,Jill Parisi,Kaleidoscopic Wallflowers
SOLD-ParisiHexieMountainSynusiandmadeah20x40smSOLD.jpg,Jill Parisi,Hexie Mountain Synusia
SOLD-ParisiArcticRubyPinwheel2011HandDrawn4platePhotolithographSilkTissue10x10SOLD.jpeg,Jill Parisi,Arctic Ruby Pinwheel
N/A,Jill Parisi,Anemone (orange)
N/A,Jill Parisi,Untitled-Purple
N/A,Jill Parisi,Untitled Commission
N/A,Jill Parisi,Untitled 1 (working title)
N/A,Jill Parisi,Untitled 2 (working title)
N/A,Jill Parisi,Untitled 3 (working title)
SOLD-ParisiCinquefoliaTriplestar2011Edition15FourPlateHandDrawnPhotoLithographyPrintedMitsumataTissueHandColoredHighlights11x11CustomPoplarPaintedWarmWhiteSOLD.jpg,Jill Parisi,Cinquefolia Triplestar
SOLD-ParisiBotanicalITurquioseGreen2012LithographDrawnWithCrayonOnStoneAndPrintedHandmadeJapaneseGampiTissueHandColorAppliedWithBrushToReversePrint20_5x15_75SOLD.jpg,Jill Parisi,Botanical Illustration II
N/A,Jill Parisi,Botanical Illustrations II edition of 2
N/A,Daniel Pailes-Friedman,Untitled
N/A,Daniel Pailes-Friedman,Circles 1
SOLD-PFriedCircles2_36x36SOLD.JPG,Daniel Pailes-Friedman,Circles 2
SOLD-PFried_Circles17_2012_OilOnCanvas_40x40_4000SOLD.JPG,Daniel Pailes-Friedman,Circles 17
SOLD-OsbornELECTRICBURRATA40x40SOLD.jpg,Alex Osborne,ELECTRIC BURRATA
SOLD-OsbornSTEPPINGBACK40x40SOLD.jpg,Alex Osborne,STEPPING BACK
SOLD-OsbornLAYERS40x40SOLD.jpg,Alex Osborne,LAYERS
SOLD-NeillREDOUBT48x48SOLD.jpeg,Margaret Neill,REDOUBT
SOLD-NeillEARLYRISER72x56HR.jpg,Margaret Neill,EARLY RISER
SOLD-NeillALTO55x50.jpg,Margaret Neill,ALTO
SOLD-NeillDOVETAIL40x30_40x60SOLD.jpg,Margaret Neill,DOVETAIL
SOLD-NeillFLOW1_22x29_75SOLD.jpeg,Margaret Neill,FLOW #1
SOLD-NeillACCORD2014GraphiteAcrylicPaperPanel36x48SOLD.jpeg,Margaret Neill,Accord
SOLD-NeillWINNOW2010OilCanvas36x36SOLD.jpg,Margaret Neill,WINNOW
SOLD-NeillHAVEN05OilLinen36x40$4600Sold.jpeg,Margaret Neill,Haven
SOLD-NeillACCELERATOR2012PencilAndGessoOnCanvas56x72$600SOLD.jpg,Margaret Neill,ACCELERATOR
N/A,Margaret Neill,HAVEN 1
N/A,Margaret Neill,HAVEN 2
N/A,Margaret Neill,FLOW 2
N/A,Margaret Neill,FLOW 3
N/A,Margaret Neill,FLOW 6
N/A,Margaret Neill,WINSOME
SOLD-NeillSkylineSeries1_20x20SOLD.jpg,Margaret Neill,SKYLINE Series 1
SOLD-NeillSkylineSeries2_20x20SOLD.jpg,Margaret Neill,SKYLINE Series 2
SOLD-NeillSkylineseries3_20x20smSOLD.jpg,Margaret Neill,SKYLINE Series 3
SOLD-NeillSCOUT2010OilCanvas36x42SOLD.jpeg,Margaret Neill,SCOUT
SOLD-NeillPace260x60sold.jpg,Margaret Neill,Pace II
N/A,Margaret Neill,FORECASTER
SOLD-NeillAPPRAISAL40x36SOLD.jpg,Margaret Neill,APPRAISAL
SOLD-NeillProspect44x44smallSOLD.jpeg,Margaret Neill,PROSPECT
SOLD-NanGray52x46SOLD.jpg,Lalani Nan,Gray
SOLD-NanPaleGrayNo2_66x56SOLD.jpg,Lalani Nan,Pale Gray No. 2
SOLD-NanPaleGrayNo5_56x48SOLD.jpg,Lalani Nan,Pale Gray No. 5
SOLD-NanPaleGrayNo3_56x48SOLD.jpg,Lalani Nan,Pale Gray No. 3
SOLD-NanGraySeriesNo1_2012OilCanvas28x24SOLD.jpg,Lalani Nan,Gray Series No. 1
SOLD-NanGraySeriesNo2_2012OilCanvas28x24SOLD.jpg,Lalani Nan,Gray Series No. 2
SOLD-NanYellowSeriesNo2_2013OilCanvas28x24SOLD.jpg,Lalani Nan,Yellow Series No. 2
SOLD-NanIvoryNo1OilCanvas28x24SOLD.jpg,Lalani Nan,Ivory No. 1
SOLD-NanWhiteNo4OilCanvas28x24SOLD.jpg,Lalani Nan,White No. 4
SOLD-NanWhiteNo2_2012OilCanvas24x28SOLD.jpg,Lalani Nan,White No. 2
SOLD-NanPaleGray2013OilCanvas56x48SOLD.jpg,Lalani Nan,Pale Gray
SOLD-NanGreen52x46.jpg,Lalani Nan,Green
SOLD-NanGrayNo2_2014OilCanvas66x56SOLD.jpg,Lalani Nan,Gray No. 2
SOLD-MoriarShrike39x26SOLD.jpg,Laura Moriarty,Shrike
SOLD-MoriarTower9_39x26SOLD.jpg,Laura Moriarty,Tower 9
SOLD-MoriarMovingMountains20_25x38SOLD.jpg,Laura Moriarty,Moving Mountains 20
SOLD-MoriarFoundation10_39x26SOLD.jpg,Laura Moriarty,Foundation 10
SOLD-MoriarParallelsYellowStripe39x26SOLD.jpg,Laura Moriarty,Parallels Series (Yellow Stripe)
SOLD-MoriarMovingMountains19_25x38SOLD.jpg,Laura Moriarty,Moving Mountains 19
SOLD-MoriarScholar2_120x38SOLD.jpg,Laura Moriarty,Scholar 2
SOLD-MoriarClaritySeries10_12_5x39SOLD.jpg,Laura Moriarty,Clarity series 10 (green)
SOLD-MoriarMonty68x39SOLD.jpg,Laura Moriarty,Monty
SOLD-MoriarFoundation5_39x26SOLD.jpg,Laura Moriarty,Foundations 5
SOLD-MoriarClarity1_10_25x32_25SOLD.jpg,Laura Moriarty,Clarity 1 (red)
SOLD-MoriarClarity6YellowStripe12_5x36_75SOLD.jpg,Laura Moriarty,Clarity 6 (yellow stripe)
N/A,Laura Moriarty,Foundation 8
SOLD-MoriarAgatesPurple31_25x21_5SOLD.jpg,Laura Moriarty,Agates (Purple)
SOLD-MoriarAgatesGreyStripe31_25x21_5SOLD.jpg,Laura Moriarty,Agates Grey Stripe
SOLD-MoriarAgates7_31_25x21_5SOLD.jpg,Laura Moriarty,Agates (7)
SOLD-MoriarAgates5_31_25x21_5SOLD.jpg,Laura Moriarty,Agates (5)
SOLD-MoriarAgates10_31_25x21_5SOLD.jpg,Laura Moriarty,Agates (10)
N/A,Laura Moriarty,Small Meteorite (Yellow)
SOLD-MoriarHyperion_66x39SOLD.jpg,Laura Moriarty,Hyperion
SOLD-MoriarRocker80_5x39SOLD.jpg,Laura Moriarty,Rocker
N/A,Laura Moriarty,Moving Mountains 15
SOLD-MoriarMovingMountains14_38x25SOLD.jpg,Laura Moriarty,Moving Mountains 14
SOLD-MoriarFoundation20_39x26SOLD.jpg,Laura Moriarty,Foundation 20
SOLD-MoriarMovingMountains17_38x25SOLD.jpg,Laura Moriarty,Moving Mountains 17
SOLD-MoriarMovingMountains18_38x25SOLD.jpg,Laura Moriarty,Moving Mountains 18
SOLD-MoriarVisionary31x39SOLD.jpg,Laura Moriarty,Visionary
N/A,Laura Moriarty,Small Meteorite (Purple)
SOLD-MoriarFluidityofPastandPresent35_5x25_5SOLD.jpg,Laura Moriarty,Fluidity of Past and Present
SOLD-MoriarAgates9_31_25x21_5SOLD.JPG,Laura Moriarty,Agates 9
N/A,Laura Moriarty,Agates 11
SOLD-MoriarParallelsII38x25SOLD.jpg,Laura Moriarty,Parallels II
SOLD-MoriarAgates2_31_25x21_5SOLD.JPG,Laura Moriarty,Agates 2
SOLD-MoriarAgates7_31_25x21_5SOLD.jpg,Laura Moriarty,Agates 7
N/A,Laura Moriarty,Untitled Medium Meteorite
SOLD-MoriarMovingMountains2_39x26SOLD.jpg,Laura Moriarty,Moving Mountains 2
N/A,Laura Moriarty,Untitled Medium Meteorite
N/A,Laura Moriarty,Untitled Medium Meteorite
N/A,Laura Moriarty,Untitled Small Meteorite
SOLD-MoriarAgates631_25x21_5SOLD.jpg,Laura Moriarty,Agates (6)
SOLD-MoriarAgates9_31_25x21_5SOLD.JPG,Laura Moriarty,Agates (9)
N/A,Laura Moriarty,Untitled Small Meteorite
SOLD-MoriarArchRock23x20x5SOLD.jpg,Laura Moriarty,Arch Rock
SOLD-MoriarUntitled3_31_25x21_25SOLD.jpg,Laura Moriarty,Untitled 3
SOLD-MoriarScholar1_66x38SOLD.jpg,Laura Moriarty,Scholar 1
SOLD-MoriarAgates3_31_25x21_5SOLD.jpg,Laura Moriarty,Agates 3
SOLD-MorejoCloudberry10x10SOLD.JPG,Sarah Morejohn,Cloudberry
SOLD-MorejoDullOregonGrapePinking10x10SOLD.JPG,Sarah Morejohn,Dull Oregon Grape Pinking
SOLD-MorejoDuneTansy10x10SOLD.JPG,Sarah Morejohn,Dune Tansy
SOLD-MorejoDwarfBlueberry10x10SOLD.JPG,Sarah Morejohn,Dwarf Blueberry
SOLD-MorejoUntitled3_5x5SOLD.jpg,Sarah Morejohn,Untitled 3
SOLD-MorejoTumbledThicket22_5x33SOLD.jpg,Sarah Morejohn,Tumbled Thicket
SOLD-MorejoChicory10x10SOLD.JPG,Sarah Morejohn,Chicory
SOLD-MorejoNorthernGeranium10x10SOLD.JPG,Sarah Morejohn,Northern Geranium
SOLD-MorejoPacificWaterleaf10x10SOLD.JPG,Sarah Morejohn,Pacific Waterleaf
SOLD-MorejoSpreadingPhlox10x10SOLD.JPG,Sarah Morejohn,Spreading Phlox
SOLD-MorejoSubalpineDaisy10x10SOLD.JPG,Sarah Morejohn,Subalpine Daisy
SOLD-MorejoUntitled1_5x5SOLD.JPG,Sarah Morejohn,Untitled 1
SOLD-MorejoSaltAgaricus10x10SOLD.JPG,Sarah Morejohn,Salt Agaricus
SOLD-MorejoWitchsHatBlackeningWaxyCap10x10SOLD.jpg,Sarah Morejohn,Witchs Hat (blackening waxy cap)
SOLD-MorejoBoleteBlueing10x10SOLD.jpg,Sarah Morejohn,Bolete Blueing
SOLD-MorejoDandelionTree30x44SOLD.jpg,Sarah Morejohn,Dandelion Tree
SOLD-MorejoCopperbush10x10HRSOLD.JPG,Sarah Morejohn,Copperbush
SOLD-MorejoSmallRedPeatMoss10x10HRSOLD.JPG,Sarah Morejohn,Small Red Peat Moss
SOLD-MorejoThimbleberry10x10HRSOLD.JPG,Sarah Morejohn,Thimbleberry
SOLD-MorejoThriftSeaPink10x10HRSOLD.JPG,Sarah Morejohn,Thrift Sea Pink
SOLD-MorejoCopperbush10x10HRSOLD.JPG,Sarah Morejohn,Copperbush
N/A,Jackie Meier,Synthetic Charm
SOLD-MeierBlue36x36SOLD.jpg,Jackie Meier,Blue
SOLD-MeierBlues15x15SOLD.jpg,Jackie Meier,Blues
SOLD-MeierSlipSlide46x46SOLD.jpg,Jackie Meier,Slip Slide
SOLD-MeierBlack36x36SOLD.jpg,Jackie Meier,Black
N/A,Jackie Meier,Green Sky
N/A,Jackie Meier,Sea Tide
N/A,Jackie Meier,Shockwave
N/A,Jackie Meier,Untitled (orange radiating)
N/A,Molly McCracken Kumar,Coiled Rapture
SOLD-McCracQuantumMangala40x60HRSOLD.jpg,Molly McCracken Kumar,Quantum Mangala
SOLD-McCracSanguineDestiny2012AcrylicCanvas42x50SOLD.jpg,Molly McCracken Kumar,Sanguine Destiny
SOLD-McCracEtherealPathway2012AcrylicOnCanvas30x36SOLD.jpg,Molly McCracken Kumar,Ethereal Pathway
SOLD-McCracEquivocalCertitude2011AcrylicCanvas30x36SOLD.jpg,Molly McCracken Kumar,Equivocal Certitude
SOLD-McCracBloomingVortex2011AcrylicCanvas24x24SOLD.jpg,Molly McCracken Kumar,Blooming Vortex
SOLD-McCracExpansiveGermination40x40HRSOLD.jpg,Molly McCracken Kumar,Expansive Germination
SOLD-McCamSubsurface2_7x7SOLD.jpg,Jessica McCambly,Subsurface 2
SOLD-McCamSubsurface8_7x7SOLD.jpg,Jessica McCambly,Subsurface 8
SOLD-McCamHS-CV-6GreenCurvedStripes10x10SOLD.jpg,Jessica McCambly,HS-CV-6
SOLD-McCamHS-CV-7PeachCurvedStripes8x8x1.5_1SOLD.jpg,Jessica McCambly,HS-CV-7
SOLD-McCamShatter14_2_30x30SOLD.jpg,Jessica McCambly,Shatter 14 (series 2)
SOLD-McCambHS_D_5_14x14x1_5SOLD.jpg,Jessica McCambly,HS-D-5
SOLD-McCamShatter55_2012AcrylicGlassPaper10x10SOLD.jpg,Jessica McCambly,Shatter 55
SOLD-McCamShatter34_2013AcrylicGlassPaper10x10DetailSOLD.jpg,Jessica McCambly,Shatter 34
SOLD-McCamShatter6_2_10x10SOLD.jpg,Jessica McCambly,Shatter 6 (series 2)
N/A,Jessica McCambly,Shatter 8
N/A,Jessica McCambly,Loves
SOLD-McCamShatter15_2_10x10HRSOLD.jpg,Jessica McCambly,Shatter 15
SOLD-McCamShatter17_2013AcrylicGlassPaper30x30SOLD.jpg,Jessica McCambly,Shatter 17
SOLD-McCamShatter10_2_10x10SOLD.jpg,Jessica McCambly,Shatter 10 (series 2)
SOLD-McCamShatter15_2_10x10SOLD.jpg,Jessica McCambly,Shatter 15 (series 2)
SOLD-McCamShatter28_2013AcrylicGlassPaper30x30SOLD.jpg,Jessica McCambly,Shatter 28
SOLD-McCamShatter10_2_10x10SOLD.jpg,Jessica McCambly,Shatter 10 (series 2)
SOLD-McAdamsDeadSea24x24SOLD.jpg,Shane McAdams,Dead Sea
SOLD-McAdamPenBlow170_12x12SOLD.jpg,Shane McAdams,Pen Blow #170
SOLD-McAdamAsh2_33_75x29_5SOLD.jpg,Shane McAdams,Ash 2
N/A,Shane McAdams,"Synthetic Landscape, Cloudbed"
SOLD-McAdamRorschachSymmetry48x48SOLD.jpg,Shane McAdams,Rorschach Symmetry (Repoussoir)
N/A,Shane McAdams,Pen Blow 94
SOLD-McAdamPenBlow95_24x24SOLD.jpg,Shane McAdams,Pen Blow 95
SOLD-McAdamPenBlow172_12x12SOLD.jpg,Shane McAdams,Pen Blow #172
SOLD-McAdaSyntheticLandscape30_2011BallpointPenJadeGlueResinPanel12x12SOLD.jpg,Shane McAdams,Synthetic Landscape 30
SOLD-McAdaSYNTHETICLANDSCAPE51YETI2011BallpointPenOilAcrylicAndResinOnPanel48x48SOLD.jpeg,Shane McAdams,SYNTHETIC LANDSCAPE 51 (YETI)
SOLD-McAdaPENBLOW86_2013BallpointPenResinPanel12x12SOLD.jpeg,Shane McAdams,PEN BLOW 86
SOLD-McAdaSuspendedLandscape10_12x12SOLD.jpg,Shane McAdams,Suspended Landscape 10
SOLD-McAdaSYNTHETICLANDSCAPE21_2010MixedMediaOnCanvasOverPanel48x48SOLD.jpeg,Shane McAdams,Synthetic Landscape 21
SOLD-McAdamAsh2_33_75x29_5SOLD.jpg,Shane McAdams,Ash 2
SOLD-McAdaPENBLOW82_2013BallpointPenResinPanel12x12SOLD.jpeg,Shane McAdams,PEN BLOW 82
SOLD-McAdamCee48x48HRSOLD.jpg,Shane McAdams,Cee
N/A,Joanne Mattera,Silk Road
N/A,Joanne Mattera,Silk Road TBD
N/A,Joanne Mattera,Silk Road TBD
N/A,Joanne Mattera,Silk Road TBD
N/A,Joanne Mattera,Silk Road TBD
N/A,Joanne Mattera,Silk Road TBD
N/A,Joanne Mattera,Silk Road TBD
N/A,Joanne Mattera,Silk Road TBD
SOLD-MatterSilkRoad272_12x12HRSOLD.JPG,Joanne Mattera,Silk Road #272
SOLD-MatterSilkRoad269_12x12SOLD.JPG,Joanne Mattera,Silk Road #269
SOLD-MatterSilkRoad354_18x18SOLD.JPG,Joanne Mattera,Silk Road 354
SOLD-MatterSilkRoad355_18x18SOLD.JPG,Joanne Mattera,Silk Road 355
SOLD-MatterSilkRoad359_18x18SOLD.JPG,Joanne Mattera,Silk Road 359
N/A,Joanne Mattera,Uttar 181
SOLD-MatterComingUpForAir2012EncausticPanel24x60SOLD.JPG,Joanne Mattera,Coming Up for Air
N/A,Joanne Mattera,Silk Road #84* Returned and swapped for a different painting
SOLD-MatteSilkRoad89_2007EncausticPanel12x12SOLD.jpg,Joanne Mattera,Silk Road #89
SOLD-MatterSilkRoad40_12x12SOLD.jpg,Joanne Mattera,Silk Road #40
SOLD-MatteSilkRoad18_2005EncausticPanel12x12SOLD.JPG,Joanne Mattera,Silk Road #18
SOLD-MatteSilkRoad38_2006EncausticPanel12x12SOLD.jpg,Joanne Mattera,Silk Road #38
N/A,Joanne Mattera,Silk Road #XXX (to be determined)
N/A,Joanne Mattera,Joss 2
N/A,Joanne Mattera,Silk Road Paintings
N/A,Joanne Mattera,Silk Trail suite (comprised of 10 digital prints)
N/A,Joanne Mattera,Little Joss Series (9 Prints)
SOLD-JMatteUttar238_36x36_04$7200SOLD.JPG,Joanne Mattera,Uttar 238
N/A,Joanne Mattera,Joss 6
N/A,Joanne Mattera,Vicolo 55
N/A,Joanne Mattera,Stack
SOLD-MatterComingUpForAir2012EncausticPanel24x60SOLD.JPG,Joanne Mattera,Coming Up for Air
SOLD-LurieABSINTHE63x62SOLD.jpg,Court Lurie,ABSINTHE
SOLD-LinUntitled51_75x77_25.jpg,Eleen Lin,Untitled
N/A,David Licata,Untitled
N/A,David Licata,Untitled Birch Vase
N/A,David Licata,Untitled Birch Vase
N/A,David Licata,Sol Duc
SOLD-LicataOrangeCattleyasOrchids4x3x10HRSOLD.jpg,David Licata,Orange Cattleyas Orchids
N/A,David Licata,TBA
N/A,David Licata,Lace With Red Flowers
N/A,David Licata,Nest
N/A,David Licata,Paper Birch Bark
N/A,David Licata,Untitled Flower 8
N/A,David Licata,Untitled (Pink Single Flower)
N/A,David Licata,Bagby Springs
SOLD-LicataPurpleFade3.jpg,David Licata,Purple Fade
N/A,David Licata,Untitled (Triple)
N/A,David Licata,Untitled (Single-Commission)
N/A,David Licata,Untitled (Multiple Bloom-Commission)
N/A,David Licata,Nest
N/A,David Licata,Songbirds
N/A,David Licata,Cascade
N/A,David Licata,Purple Fade
N/A,David Licata,Untitled (Love Birds)
SOLD-LicataBlueFade6.jpg,David Licata,Blue Fade
N/A,David Licata,Untitled (Triple)
N/A,David Licata,Untitled (Single-Commission)
N/A,David Licata,Untitled (Multiple Bloom-Commission)
N/A,David Licata,Songs For You
N/A,David Licata,Nest 2
N/A,David Licata,Paper Birch Vase
N/A,David Licata,Untitled Light Green Flower
N/A,David Licata,Untitled Flower Group
N/A,David Licata,Untitled Purple Flower
N/A,David Licata,Untitled Purple Flower Duo
N/A,David Licata,Untitled Orange Flower with Small Flower Duo
N/A,David Licata,Untitled Red Striped Flower
N/A,David Licata,Spring Thaw
N/A,David Licata,Untitled (Flower Sculpture)
N/A,David Licata,Untitled (Triple)
N/A,David Licata,Untitled (Single-Commission)
N/A,David Licata,Untitled (Multiple Bloom-Commission)
SOLD-LatsonSpecimen5_28x28x3SOLD.JPG,Catherine Latson,Specimen 5
SOLD-LatsonSpecimen2_32x32x3SOLD.JPG,Catherine Latson,Specimen 2
SOLD-LatsonSpecimen1_28x28x3SOLD.JPG,Catherine Latson,Specimen #1
SOLD-LatsonSpecimen6_32x32x4_75SOLD.JPG,Catherine Latson,Specimen 6
SOLD-LatsonSpecimen8_22x27x4_75SOLD.JPG,Catherine Latson,Specimen 8
SOLD-LatsonSpecimen7_12x39x3SOLD.JPG,Catherine Latson,Specimen 7
N/A,Margaret Lanzetta,Air Map
SOLD-LanzetTradeNaked1_23x18SOLD.jpg,Margaret Lanzetta,Trade Naked 1
SOLD-LanzetTradeNaked5_23x18SOLD.jpg,Margaret Lanzetta,Trade Naked 5
SOLD-LanzetTradeNaked9_23x18SOLD.jpg,Margaret Lanzetta,Trade Naked 9
SOLD-LanzetTradeNaked2_23x18SOLD.jpg,Margaret Lanzetta,Trade Naked 2
SOLD-LanzetTradeNaked3_23x18SOLD.jpg,Margaret Lanzetta,Trade Naked 3
SOLD-LanzetTradeNaked7_23x18SOLD.jpg,Margaret Lanzetta,Trade Naked 7
N/A,Margaret Lanzetta,More Girl
N/A,Margaret Lanzetta,Cultural Instruction I
N/A,Margaret Lanzetta,Constellation (crystal)
N/A,Margaret Lanzetta,Lotus: Cinnabar
N/A,Margaret Lanzetta,Ten Sleepspecial discount$3500
SOLD-glassblowerI SOLD.jpg,Margaret Lanzetta,Glassblower I
N/A,Margaret Lanzetta,Diamondville special discount$3500.
N/A,Margaret Lanzetta,Ishtar (Gate)
N/A,Margaret Lanzetta,Untitled (Sparse Dreamcatcher)
N/A,Margaret Lanzetta,Palimpsest
N/A,Margaret Lanzetta,Screen Test
N/A,Margaret Lanzetta,Aria
SOLD-LanzetParigi0842_24X24.jpg,Margaret Lanzetta,Parigi 0842
SOLD-LanzetIndore0731_24X24.jpg,Margaret Lanzetta,Indore 0731
SOLD-LanzetStarCard58x40SOLD.jpg,Margaret Lanzetta,Star Card
N/A,Margaret Lanzetta,Air Cover
SOLD-LanzetCupcakeOutTheWindow56x40SOLD copy.jpg,Margaret Lanzetta,Cupcake Out the Window
SOLD-LanzetTransferEffect2010AcrylicOnPaper36x26FramedSOLD.jpg,Margaret Lanzetta,Transfer Effect
SOLD-LanzetEcholaliaTheForgettingOfLanguageNo47Ed1UniqueScreenprint33x44.jpeg,Margaret Lanzetta,"Echolalia Series, The Forgetting Of Language No. 39"
N/A,Margaret Lanzetta,Spangle
N/A,Margaret Lanzetta,Fresh Catch
N/A,Margaret Lanzetta,Ishtar (Gate)
N/A,Margaret Lanzetta,Untitled (Sparse Dreamcatcher)
SOLD-LanzettSaintala0665OilEnamelPanel24x24SOLD.jpg,Margaret Lanzetta,Saintala 0665from the series Company Paintings
N/A,Margaret Lanzetta,Lotus: Cinnabar
N/A,Margaret Lanzetta,Itchy (from the Simple Exotic series)
SOLD-KonigsTwinAngels26x29SOLD.jpg,David Konigsberg,Twin Angels
SOLD-KonigsFieldofWhites24x24SOLD.jpg,David Konigsberg,Field of Whites
SOLD-KonigsEveningReel53x72SOLD.jpeg,David Konigsberg,Evening Reel #2
SOLD-KonigsNightOrchard36x36SOLD.jpg,David Konigsberg,Night Orchard
SOLD-KonigsThunderhead5_45x60SOLD.jpg,David Konigsberg,Thunderhead #5
SOLD-KonigsAfternoonReel33x54SOLD.jpg,David Konigsberg,Afternoon Reel
SOLD-KonigsForward33x54SOLD.jpg,David Konigsberg,Forward
N/A,David Konigsberg,"TBD, commission for Hudson Structured Capital Management"
SOLD-KonigsGlassware1_12x16SOLD.jpg,David Konigsberg,Glassware 1
N/A,David Konigsberg,4:00
SOLD-KonigsRoundAboveGroundOCP32x35SOLD.jpg,David Konigsberg,"Round, Above Ground"
SOLD-KonigsField21x24SOLD.jpg,David Konigsberg,Field
SOLD-KonigsWhiteZin25x36SOLD.jpg,David Konigsberg,White Zin
SOLD-KonigsThundershower2012OilCanvas35x24SOLD.jpeg,David Konigsberg,Thundershower
N/A,David Konigsberg,Moth on the Tablerunner
SOLD-KonigsThunderAndAmusement2012_13OC44x56SOLD.jpg,David Konigsberg,Thunder and Amusement
SOLD-DKonigWhirl5.jpg,David Konigsberg,Whirl #5
SOLD-KonigsEaster28x49SOLD.jpeg,David Konigsberg,Easter
SOLD-KonigsIslandBridgeOilPanel41x43SOLD.jpg,David Konigsberg,Island Bridge
SOLD-KonigsReel2OilCanvas36x48$7500sold.jpeg,David Konigsberg,Reel #2
N/A,David Konigsberg,"Cumulus, Penobscot"
SOLD-DKonigOffRoute9 _44x55.jpg,David Konigsberg,Off Route 9
SOLD-KonigsAirshipLands11OilCanvas55x44.jpg,David Konigsberg,Airship Lands
SOLD-DKonigClementines09_50x36.jpg,David Konigsberg,Clementines
SOLD-DKonigTwoByTwo24x60.jpg,David Konigsberg,Two by Two
SOLD-DKonigCumulusGhent50x30Sold.jpg,David Konigsberg,Cumulus Ghent
SOLD-KonigsDriveOverlandOilPanel48x46SOLD.jpg,David Konigsberg,Drive Overland
SOLD-KonigsWalkabout2_19_5x29_5SOLD.jpeg,David Konigsberg,Walkabout #2
SOLD-DKonigSollerHeightsRoad40x 50Sold.jpg,David Konigsberg,Sollor Heights Road
N/A,David Konigsberg,Mainland Bridge
SOLD-KonigsThunderheadOilPanel76x56SOLD.jpg,David Konigsberg,Thunderhead
SOLD-KonigsCannonball50x36HRSOLD.jpeg,David Konigsberg,Cannonball
SOLD-KonigsHighDiver50x36HRSOLD.jpg,David Konigsberg,High Diver
SOLD-KonigsPool45x60SOLD.jpg,David Konigsberg,The Pool
SOLD-KonigsCounterOilCanvas65x54.jpg,David Konigsberg,Counter
N/A,David Konigsberg,Shadow Series Lemon Tree #003
N/A,David Konigsberg,Wonder Reel
SOLD-KonigsVioletsOilCanvas44x46SOLD.jpg,David Konigsberg,Violets
N/A,David Konigsberg,Fields Near Red Rock
N/A,David Konigsberg,Pittsfield Dukes and Gathering Storm
N/A,David Konigsberg,Way In
SOLD-KonigsDescent26x29SOLD.jpg,David Konigsberg,Descent
SOLD-DKonigTwoByTwo24x60.jpg,David Konigsberg,Two by Two
SOLD-KonigsCloudsOnCarpenterRoadMonotype12x12SOLD.jpg,David Konigsberg,Clouds Over Carpenter Road
KonigsPassingShower2012OilCanvas56x72sold,David Konigsberg,"Passing Shower, Red Rock"
N/A,David Konigsberg,Pittsfield Dukes and Gathering Storm
SOLD-KonigsEbenezerWhitesOilCanvas50x44SOLD.jpg,David Konigsberg,Ebenezer Whites
SOLD-KonigsTalk48x50SOLD.jpg,David Konigsberg,Talk
SOLD-KonigsTableau2012OilCanvas56x76SOLD.jpeg,David Konigsberg,Tableau
SOLD-KonigsPassingOilCanvas24x36SOLD.jpg,David Konigsberg,Passing
SOLD-KonigsDrive2OilCanvas18x20.jpeg,David Konigsberg,Drive!
SOLD-KonigsRacerOilCanvas36x48SOLD.jpg,David Konigsberg,Racer
SOLD-Konigs11AM24x24HR.jpg,David Konigsberg,11:00 AM
SOLD-KonigsStepAtDusk2012OilCanvas24x35SOLD.jpg,David Konigsberg,Step At Dusk
N/A,David Konigsberg,Glide Path
SOLD-DKonigGoldfishOC50x36$7500.jpg,David Konigsberg,Goldfish
SOLD-KonigsRoundAboveGround2_36x50.jpeg,David Konigsberg,Round Above Ground #2
SOLD-DKonigOffRoute9 _44x55.jpg,David Konigsberg,Off Route 9
SOLD-KonigsHighDiver50x36HRSOLD.jpg,David Konigsberg,High Diver
SOLD-KonigsEquinoxOC44x55SOLD.jpeg,David Konigsberg,Equinox
N/A,David Konigsberg,Alight
N/A,David Konigsberg,Yarvis Trees (triptych)
N/A,David Konigsberg,Alight
SOLD-KonigsFieldsNearGermantownOC45x60SOLD.jpeg,David Konigsberg,Fields Near Germantown
SOLD-KonigsWinterTrees2013OilCanvas44x46SOLD.jpg,David Konigsberg,Winter Trees
SOLD-KonigsMilkweedOC44x56mediumSOLD.jpeg,David Konigsberg,Milkweed
N/A,David Konigsberg,Untitled (House)
N/A,David Konigsberg,Untitled (Figure Running)
SOLD-KonigsPool45x60SOLD.jpg,David Konigsberg,Pool
SOLD-KempHeadsTogether40x32SOLD.jpg,Jenny Kemp,Heads Together
SOLD-KempTheBuzz32x40SOLD.jpg,Jenny Kemp,The Buzz
N/A,Jenny Kemp,Olio
N/A,Jenny Kemp,Circulate
SOLD-KantroWingedSamothrace30x61_5SOLD.jpg,Andrea Kantrowitz,Winged Samothrace
SOLD-KantroKiwanoNightCafe2007OilCanvas24x48$5000sold.jpg,Andrea Kantrowitz,Kiwano Night Cafe
SOLD-KantroUnfurled_2007OilCanvas30x30sold.jpg,Andrea Kantrowitz,Unfurled
N/A,Andrea Kantrowitz,Kalahari Nocturne
N/A,Andrea Kantrowitz,Split Pomegranite on Black
N/A,Andrea Kantrowitz,Sprouted Garlic
SOLD-KantroDaughtersofLeucippus48x60SOLD.jpg,Andrea Kantrowitz,Daughters of Leucippus
SOLD-KantroHoiPolloi40x40SOLD.jpg,Andrea Kantrowitz,Hoi Polloi
N/A,Andrea Kantrowitz,Pomegranite
SOLD-KantroHensAndChicksSmall2011OilCanvas36x36$6000.jpg,Andrea Kantrowitz,Hens and Chicks
N/A,Andrea Kantrowitz,For Ortelius
SOLD-KantroOnPersephonesJourney30x61_5SOLD.jpg,Andrea Kantrowitz,On Persephone\xe2\x80\x99s Journey
N/A,Andrea Kantrowitz,Brussels Sprouts
SOLD-KantroAglioangelo_2007OilCanvas20x60$6000sold.jpg,Andrea Kantrowitz,Aglioangelo
SOLD-KantroAscension2013OilCanvas36x36SOLD.jpg,Andrea Kantrowitz,Ascension
N/A,Andrea Kantrowitz,"Prosperine\xe2\x80\x99s Trail, 1/12"
SOLD-JudgePopFlower45_30x30SOLD.jpg,Mary Judge ,Maple Edition (Pop Flower 45)
N/A,Mary Judge ,Maple Edition (Pop Flower 46)
SOLD-JudgePopFlower41_30x30SOLD.jpg,Mary Judge ,Maple Edition (Pop Flower 41)
SOLD-JudgePopFlower73_30x30SOLD.jpg,Mary Judge ,Pop Flower 73
SOLD-JudgePopFlower71b_30x30SOLD.jpg,Mary Judge ,Pop Flower 71b
JudgePopFlower32_30x30SOLD,Mary Judge ,Pop Flower 32
N/A,Mary Judge ,Rose Window Series #001
N/A,Mary Judge ,Pop Flower TBA
N/A,Mary Judge ,Pop Flower 30
N/A,Mary Judge ,Pop Flower B6
SOLD-JudgePopFlower4B02_30x30SOLD.jpg,Mary Judge ,Pop Flower 4B02
SOLD-JudgePopFlower35_30x30SOLD.jpg,Mary Judge ,Pop Flower 35
SOLD-JudgePopFlower40_30x30SOLD.jpg,Mary Judge ,Pop Flower 40
SOLD-JudgePopFlower45_30x30SOLD.jpg,Mary Judge ,Pop Flower 45
SOLD-JudgePopFlower28_30x30HRSOLD.jpg,Mary Judge ,Pop Flower 28
SOLD-JudgePopFlower31_30x30SOLD.jpg,Mary Judge ,Pop Flower 31
SOLD-JudgePopFlower44_30x30SOLD.jpg,Mary Judge ,Pop Flower 44
SOLD-JudgePopFlower39_30x30SOLD.jpg,Mary Judge ,Pop Flower 39
SOLD-JudgePopFlower63_30x30SOLD.jpg,Mary Judge ,Pop Flower 63
N/A,Mary Judge ,Pop Flower TBA (Yellow)
N/A,Mary Judge ,Pop Flower TBA (Blue)
N/A,Mary Judge ,Pop Flower TBA (Orange)
SOLD-JudgeLakeMichiganSeries12_14x14SOLD.jpg,Mary Judge ,Lake Michigan Series 12
SOLD-JudgeRoseWindowSeries36B24x24SOLD.jpg,Mary Judge ,Rose Window 36B
N/A,Mary Judge ,Maple Edition 1 (Pop Flower 31)
N/A,Mary Judge ,Maple Edition 1 (Pop Flower 32)
SOLD-JudgePopFlower29_30x30SOLD.jpg,Mary Judge ,Maple Edition 1 (Pop Flower 29)
SOLD-JudgePopFlower62_30x30SOLD.jpg,Mary Judge ,Pop Flower 62
SOLD-JudgeLakeMichiganSeries30x30SOLD.jpg,Mary Judge ,Lake Michigan Series 30
N/A,Mary Judge ,Lake Michigan Series 22
N/A,Mary Judge ,Pop Flower W01
SOLD-JudgeRoseWindowSeries064A48x48SOLD.JPG,Mary Judge ,Rose Window Series #064A
N/A,Mary Judge ,Rose Window Series #105
SOLD-JudgeCappiadoccia34_14x14SOLD.jpg,Mary Judge ,Cappiadoccia 34
N/A,Mary Judge ,Lake Michigan Series 22
SOLD-JudgeRoseWindowSeries42B24x24SOLD.jpg,Mary Judge ,Rose Window Series 42B
N/A,Mary Judge ,Pop Flower 29
SOLD-JudgePopFlower36_30x30SOLD.jpg,Mary Judge ,Pop Flower 36
N/A,Mary Judge ,Pop Flower Commission (Working Title)
SOLD-JudgePopFlower41_30x30SOLD.jpg,Mary Judge ,Pop Flower 41
N/A,Mary Judge ,Pop Flower 50
N/A,Mary Judge ,Maple Edition 1 (Pop Flower 108)
N/A,Mary Judge ,Maple Edition 1 (Pop Flower 2)
N/A,Mary Judge ,Maple Edition 1 (Pop Flower 3)
N/A,Mary Judge ,Rose Window #5
SOLD-JudgeBlueRoseWindow24x24SOLD.JPG,Mary Judge ,Blue Rose Window
SOLD-JudgePopFlower65_30x30SOLD.jpg,Mary Judge ,Pop Flower 65
SOLD-JudgePopFlower62E30x30SOLD.jpg,Mary Judge ,Pop Flower 62E
SOLD-JudgeRoseWindowSeries40B24x24HRSOLD.jpg,Mary Judge ,Rose Window Series 40B
SOLD-JudgeRoseWindowSeries2B24x24HRSOLD.jpg,Mary Judge ,Rose Window Series 2B
SOLD-JudgeBridgeAndSteelWithOrangeStar_15x44SOLD.JPG,Mary Judge ,Bridge and Steel with Orange Star
SOLD-JudgePopFlowerOpus6_44x44SOLD.jpg,Mary Judge ,Pop Flower Opus 6
SOLD-JudgeMapleEdition1Blue24x24SOLD.jpeg,Mary Judge ,Maple Edition 1 (Blue)
SOLD-JudgeMapleEdition1Orange24x24SOLD.JPG,Mary Judge ,Maple Edition 1 (Orange)
N/A,Mary Judge ,Maple Edition 2 (Pop Flower 47)
SOLD-JudgeLakeMichiganSeries24_14x14SOLD.jpg,Mary Judge ,Lake Michigan Series 24
SOLD-JudgeCappiadoccia8_14x14SOLD.jpg,Mary Judge ,Cappiadoccia 8
SOLD-JudgeUntitled_BlueOrangeCenter14x14SOLD.jpg,Mary Judge ,Untitled (Blue/Orange Center)
SOLD-JudgeLakeMichiganSeries4_14x14SOLD.jpg,Mary Judge ,Lake Michigan Series 4
SOLD-JudgePopFlower33_30x30SOLD.jpg,Mary Judge ,Pop Flower 33
N/A,Mary Judge ,Maple Edition (Pop Flower Opus 6)
N/A,Mary Judge ,"Maple Edition (Lake Michigan Series, Orange)"
SOLD-JudgePopFlower37d30x30SOLD.jpg,Mary Judge ,Maple Edition (Pop Flower 37d)
N/A,Mary Judge ,Maple Edition (Pop Flower Opus 3)
SOLD-JudgePopFlower39_30x30SOLD.jpg,Mary Judge ,Maple Edition (Pop Flower 39)
SOLD-JudgePopFlower41_30x30SOLD.jpg,Mary Judge ,Maple Edition (Pop Flower 41)
SOLD-JudgePopFlower45_30x30SOLD.jpg,Mary Judge ,Maple Edition (Pop Flower 45)
N/A,Mary Judge ,Maple Edition (Pop Flower 47)
N/A,Mary Judge ,Maple Edition (Pop Flower 50)
N/A,Mary Judge ,Maple Edition (Pop Flower 4B05)
SOLD-JudgePopFlower68_30x30SOLD.jpg,Mary Judge ,Pop Flower 68
SOLD-JudgePopFlower66_30x30SOLD.jpg,Mary Judge ,Pop Flower 66
SOLD-JudgePopFlower34_30x30SOLD.jpg,Mary Judge ,Pop Flower 34
N/A,Mary Judge ,#27
SOLD-JudgeRoseWindowSeries064UniqueReliefPrintLaserCutMetalPlatesHandmadePaper48x48_54x54FramedSOLD.jpg,Mary Judge ,Rose Window Series #064 (light blue)
N/A,Mary Judge ,Rose Window #90
N/A,Mary Judge ,Cosmic Cog
N/A,Mary Judge ,Rose Window Series 32A
SOLD-JudgeRoseWindowSeries48B24x24HRSOLD.jpg,Mary Judge ,Rose Window Series 48B
N/A,Mary Judge ,Exotic Hex Series S12/3
SOLD-JudgeExoticHexSeries12_4_30x30SOLD.jpeg,Mary Judge ,Exotic Hex Series S12/4
N/A,Mary Judge ,Anemone (blue)
N/A,Mary Judge ,Rose Window Series #064
N/A,Mary Judge ,Rose Window Series #036
N/A,Mary Judge ,#21
N/A,Mary Judge ,Rose Window Series 16A
N/A,Mary Judge ,Rose Window Series #86
N/A,Mary Judge ,Pigment Drawing #21special discount$1200.
N/A,Mary Judge ,Pigment Drawing #28special discount$1200.
N/A,Mary Judge ,Pigment Drawingspecial discount$1200.
N/A,Mary Judge ,Pigment Drawing #26special discount$1200.
N/A,Mary Judge ,Pigment Drawingspecial discount$1200.
N/A,Mary Judge ,Pigment Drawingspecial discount          $1200.
N/A,Mary Judge ,The Blood Gate
N/A,Mary Judge ,Solar Bloom (green)
N/A,Mary Judge ,Rose Window Series #024
SOLD-JudgePopFlower4B03_30x30SOLD.jpg,Mary Judge ,Pop Flower 4B03
SOLD-JudgePopFlower4B04_30x30SOLD.jpg,Mary Judge ,Pop Flower 4B04
SOLD-JudgeLakeMichiganSeries3_30x30SOLD.JPG,Mary Judge ,Lake Michigan Series 3
N/A,Mary Judge ,Rose Window Series #024
SOLD-JudgeExoticHexSeries12_4_30x30SOLD.jpeg,Mary Judge ,"Exotic Hex Series, 12/4"
N/A,Mary Judge ,Rose Window #068
SOLD-JudgeRoseWindowSeries2B24x24HRSOLD.jpg,Mary Judge ,Rose Window Series 2B
SOLD-JudgeRoseWindowSeries36B24x24SOLD.jpg,Mary Judge ,Rose Window Series 36B
N/A,Mary Judge ,76
N/A,Mary Judge ,Camoadoccia #7
N/A,Mary Judge ,Lake Michigan Series O+G
SOLD-JudgeRoseWindowSeriesA14_2006UniqueReliefPrintLaserCutMetalPLatesHandmadePaper24x24_1800SOLD.jpeg,Mary Judge ,Rose Window Series A14
SOLD-JudgeRoseWindowSeries47B_24x24SOLD.jpeg,Mary Judge ,Rose Window Series 47B
N/A,Mary Judge ,Anemone (blue)
N/A,Mary Judge ,Untitled Spolvero Drawing #103
SOLD-JudgeRoseWindowSeries089_48x48SOLD.jpg,Mary Judge ,Rose Window Series #089
N/A,Mary Judge ,Rose Window Series #036
SOLD-JudgeCosmicCogPowderedPigmentPaper30x30SOLD.jpg,Mary Judge ,Cosmic Cog
N/A,Mary Judge ,Rose Window Series no. 34
SOLD-JudgeUntitled47UniqueReliefPrintLaserCutMetalPlatesHandmadePaper48x48_54x54FramedSOLD.jpg,Mary Judge ,Untitled 47
SOLD-JudgeRingCircle6_10EV2005LithographyOnHandMadePaper48x48SOLD.jpg,Mary Judge ,"Ring Circle, 6/10 ev"
N/A,Mary Judge ,99
SOLD-JudgeHorizontal02PowderedPigmentOnPaper10_75x31SOLD.jpg,Mary Judge ,Horizontal 02
SOLD-JudgeHorizontal09PigmentOnPaper10_75x31SOLD.jpg,Mary Judge ,Horizontal 09
SOLD-JudgeHorizontal10PigmentOnPaper10_75x31SOLD.jpg,Mary Judge ,Horizontal 10
SOLD-JudgeHorizontal11PigmentOnPaper10_75x31SOLD.jpg,Mary Judge ,Horizontal 11
N/A,Mary Judge ,The Blood Gate
N/A,Mary Judge ,Solar Bloom (green)
N/A,Mary Judge ,Seascape IV (blue on green)
SOLD-JudgeUntitled1_24x24SOLD.jpg,Mary Judge ,Untitled 1
N/A,Mary Judge ,Untitled (Orange)
N/A,Mary Judge ,Untitled (Green)
SOLD-JudgeUntitled8_16EV_2005LithographyHandMadePaper48x48_54x54FramedSOLD.jpg,Mary Judge ,Untitled 8/16 EV
SOLD-JudgeUntitledOrangePowderedPigmentPaper30x30SOLD.JPG,Mary Judge ,Untitled (Orange Powdered Pigment)
SOLD-JudgeUntitledBlue2014PowderedPigmentPaper30x30SOLD.jpg,Mary Judge ,Untitled (Blue Powdered Pigment)
SOLD-JudgeRoseWindowSeries032_2005UniqueReliefPrintLaserCutMetalPlatesHandmadePaper48x48SOLD.JPG,Mary Judge ,Rose Window Series #032
N/A,Mary Judge ,Circle Series
N/A,Mary Judge ,#05
N/A,Mary Judge ,87
SOLD-JudgeRoseWindowSeriesA14_2006UniqueReliefPrintLaserCutMetalPLatesHandmadePaper24x24_1800SOLD.jpeg,Mary Judge ,Rose Window Series A14
SOLD-JudgeRoseWindowSeriesA19_2006UniqueReliefLaserCutMetalPLatesHandmadePaper24x24_1800SOLD.jpeg,Mary Judge ,Rose Window Series A19
N/A,Mary Judge ,Rose Window Series #036
SOLD-JudgeUntitled30_2011PowderedPigmentPaper14x14FramedSOLD.jpg,Mary Judge ,Untitled (Pigment Drawing 30)
SOLD-JudgeUntitled24PowderedPigmentPaper14x14FramedSOLD.jpg,Mary Judge ,Untitled (Pigment Drawing 24)
SOLD-IharaSnowflakes117_10_25x10_25SOLD.jpeg,Michiyo Ihara,Snowflakes #117
SOLD-IharaSnowflakes98CosmicDust22_25x22_25SOLD.jpg,Michiyo Ihara,"Snowflakes #98 ""Cosmic Dust"""
SOLD-IharaSnowflake142Life_10_25x10_25SOLD.jpeg,Michiyo Ihara,"Snowflakes # 142, Life"
SOLD-IharaSnowflakes97_2013GraphitePaper10_25x10_25SOLD.jpg,Michiyo Ihara,"Snowflakes #97       $1,000.00"
N/A,Michiyo Ihara,"Snowflake #24, #18, #13, #12"
SOLD-IharaSnowflakes128_10_25x10_25SOLD.jpeg,Michiyo Ihara,Snowflakes #128 \xe2\x80\x9cQuiet Luna\xe2\x80\x9d
SOLD-IharaSnowflakes102Transmitter2013GraphitePaper10_25x10_25SOLD.jpg,Michiyo Ihara,Snowflakes #102 \xe2\x80\x9cTransmitter\xe2\x80\x9d
SOLD-IharaSnowflakes104Link2013GraphitePaper10_25x10_25SOLD.jpg,Michiyo Ihara,Snowflakes #104 \xe2\x80\x9cLink\xe2\x80\x9d
N/A,Michiyo Ihara,Snowflakes #115
N/A,Michiyo Ihara,Snowflakes #116
N/A,Michiyo Ihara,"Snowflake, Butterfly"
N/A,Michiyo Ihara,Snowflake
SOLD-IharaSnowflakes51_2008GraphitePaper10_25x10_25SOLD.jpg,Michiyo Ihara,Snowflake 51
N/A,Michiyo Ihara,Snowflake 76
SOLD-IharaSnowflakes85ImWatchingYou2011GraphiteOnPaper10_25x10_25SOLD.jpg,Michiyo Ihara,"Snowflake 85, \xe2\x80\x9cI\xe2\x80\x99m Watching You\xe2\x80\x9d"
N/A,Michiyo Ihara,Snowflake #66
N/A,Michiyo Ihara,Snowflake #21
N/A,Michiyo Ihara,Snowflake #42
N/A,Michiyo Ihara,Snowflake #55
SOLD-IharaSnowflakes90LoveSavesTheDay2013GraphitePaper10_25x10_25SOLD.jpg,Michiyo Ihara,Snowflakes #90 \xe2\x80\x9cLove Saves the Day\xe2\x80\x9d
SOLD-IharaSnowflakes92Predator2011GraphiteOnPaper10_25x10_25SOLD.jpg,Michiyo Ihara,Snowflakes #92 \xe2\x80\x9cPredator\xe2\x80\x9d
SOLD-IharaSnowflakes81OneThought2010GraphiteOnPaper10_25x10_25SOLD.jpg,Michiyo Ihara,Snowflakes #81 \xe2\x80\x9cOne Thought\xe2\x80\x9d
SOLD-IharaSnowflakes33_2011GraphitePaper10_25x10_25SOLD.jpg,Michiyo Ihara,Snowflakes #33 \xe2\x80\x9cKing\xe2\x80\x9d
N/A,Michiyo Ihara,Oneness
SOLD-IharaSnowflakes102Transmitter2013GraphitePaper10_25x10_25SOLD.jpg,Michiyo Ihara,Snowflakes #102 \xe2\x80\x9cTransmitter\xe2\x80\x9d
SOLD-IharaSnowflakes104Link2013GraphitePaper10_25x10_25SOLD.jpg,Michiyo Ihara,Snowflakes #104 \xe2\x80\x9cLink\xe2\x80\x9d
SOLD-IharaSnowflakes118_10_25x10_25HRSOLD.jpeg,Michiyo Ihara,Snowflakes #118 \xe2\x80\x9cGift\xe2\x80\x9d
SOLD-IharaSnowflakes78Traveler2011GraphitePaper10_25x10_25SOLD.jpg,Michiyo Ihara,Snowflakes #78 \xe2\x80\x9cTraveler\xe2\x80\x9d
SOLD-IharaSnowflakes122_10_25x10_25smSOLD.jpeg,Michiyo Ihara,Snowflakes #122
SOLD-IharaSnowflakes105Being2013GraphitePaper10_25x10_25SOLD.jpg,Michiyo Ihara,"Snowflakes #105, \xe2\x80\x9cBeing\xe2\x80\x9d"
SOLD-IharaSnowflakes103ElegantHunter2013GraphitePaper10_25x10_25SOLD.jpg,Michiyo Ihara,"Snowflakes #103, \xe2\x80\x9cElegant Hunter\xe2\x80\x9d"
SOLD-snowflakes_73sold.jpg,Michiyo Ihara," Snowflakes #73, What Goes Round Comes Round"
N/A,Michiyo Ihara,Higher Mind
N/A,Michiyo Ihara,Higher Mind
SOLD-snowflakes_23 sold.jpg,Michiyo Ihara,"Snowflake #23, \xe2\x80\x9cButterfly\xe2\x80\x99s Dream\xe2\x80\x9d"
SOLD-IharaSnowflakes96Connection2013GraphitePaper30x30.jpg,Michiyo Ihara,"Snowflakes #96, \xe2\x80\x9cConnection\xe2\x80\x9d"
N/A,Michiyo Ihara,Snowflake ##15 \xe2\x80\x98Sleeping Seahorses\xe2\x80\x99
SOLD-IharaSnowflakes90LoveSavesTheDay2013GraphitePaper10_25x10_25SOLD.jpg,Michiyo Ihara,Snowflakes #90 \xe2\x80\x9cLove Saves the Day\xe2\x80\x9d
SOLD-IharaSnowflakes92Predator2011GraphiteOnPaper10_25x10_25SOLD.jpg,Michiyo Ihara,Snowflakes #92 \xe2\x80\x9cPredator\xe2\x80\x9d
SOLD-IharaSnowflakes81OneThought2010GraphiteOnPaper10_25x10_25SOLD.jpg,Michiyo Ihara,Snowflakes #81 \xe2\x80\x9cOne Thought\xe2\x80\x9d
SOLD-IharaSnowflakes33_2011GraphitePaper10_25x10_25SOLD.jpg,Michiyo Ihara,Snowflakes #33 \xe2\x80\x9cKing\xe2\x80\x9d
N/A,Michiyo Ihara,"Snowflake #31, Delicate Happiness"
SOLD-HitchcKingofPrayers_17x45SOLD.jpg,Meg Hitchcock,"King of Prayers, a very long Tibetan Buddhist prayer"
SOLD-HitchcGreenTara35x28SOLD.jpg,Meg Hitchcock,Green Tara
N/A,Meg Hitchcock,The Sun: Surah 91 from the Koran
SOLD-Hillercontext22x32SOLD.jpeg,Ruth Hiller,context
SOLD-Hillermanufacturedone14x24SOLD.jpeg,Ruth Hiller,manufactured one
SOLD-Hiller_EmptySet_22x20x2SOLD.jpg,Ruth Hiller,Empty Set
SOLD-Hiller_SetMinus_20x60x2SOLD.jpg,Ruth Hiller,Set Minus
SOLD-HennenAViewLateSpringWyattMt24x24SOLD.JPG,Gregory Hennen,"A View, Late Spring Wyatt Mountain"
SOLD-HennenOctoberBlue12x12SOLD.jpg,Gregory Hennen,October Blue
SOLD-HennenSnowStormFebWyattMt20x20detail.JPG,Gregory Hennen,Snow Storm February Wyatt Mt.
SOLD-HennenStillReflectionAugustOilPanel24x24SOLD.jpg,Gregory Hennen,Still Reflection August
N/A,Gregory Hennen,Late September Woods
SOLD-HennenFloatingLeavesOnDarkWater12x12SOLD.JPG,Gregory Hennen,Floating Leaves on Dark Water
N/A,Gregory Hennen,Copper Creek Falls
N/A,Gregory Hennen,Summer Pond
SOLD-HennenSnowCoveredBranchesWyattMountain8x8SOLD.JPG,Gregory Hennen,"Snow Covered Branches, Wyatt Mountain"
SOLD-HennenLateSummerWyattMt18x18SOLD.jpg,Gregory Hennen,"Late Summer, Wyatt Mountain"
N/A,Gregory Hennen,Three Boulders
N/A,Gregory Hennen,Spring Woods
SOLD-HennenFullMoonAndVenusApr5_June4_2012OilPanel24x24SOLD.jpg,Gregory Hennen,Full Moon and Venus
SOLD-HennenPeakFoliage2013OilPanel24x24SOLD.jpg,Gregory Hennen,Peak Foliage
SOLD-HennenStillReflectionAugustOilPanel24x24SOLD.jpg,Gregory Hennen,Still Reflection August
N/A,Gregory Hennen,Hudson View
N/A,Gregory Hennen,Untitled (Stary Sky)
N/A,Gregory Hennen,Vernal Pool
N/A,Gregory Hennen,Afternoon Field
N/A,Gregory Hennen,"Manitou Woods, July"
SOLD-HennenBoulderNov1_Jan14_24x24SOLD.jpg,Gregory Hennen,"Boulder, Wyatt Mt. Virginia"
N/A,Peter Hamlin,Untitled (to be determined)
SOLD-HamlinGreatExpanse15_5x19_5SOLD.jpg,Peter Hamlin,Great Expanse
SOLD-HamlinAILandscape15x22SOLD.jpg,Peter Hamlin,AI Landscape
SOLD-HamlinExchangingPotentials30x30SOLD.jpg,Peter Hamlin,Exchanging Potentials
SOLD-HamlinNanoscape34x62SOLD.jpg,Peter Hamlin,Nanoscape
SOLD-HamlinPortal30x30SOLD.jpg,Peter Hamlin,Portal
SOLD-HamlinWeatherVane30x30SOLD.jpg,Peter Hamlin,Weathervane
SOLD-HamlinOuroboros30x30SOLD.jpg,Peter Hamlin,Ouroboros
SOLD-HamlinInterconnect3_11x11SOLD.jpg,Peter Hamlin,Interconnect 3
SOLD-HamlinFountainFlower9_5x8_5SOLD.jpg,Peter Hamlin,Fountain Flower (Digitalis Urinalia)
SOLD-Gourlatarang48x48SOLD.jpeg,Elizabeth Gourlay,tarang
SOLD-Goulacitole20x20SOLD.jpg,Elizabeth Gourlay,citole
SOLD-GlessnSentientMagnoliaGreatSaltLake1_30x40x1_5SOLD.jpg,Lorraine Glessner,The Sentient Magnolia & The Great Salt Lake 1
SOLD-GlessnBlueBrain1_36x24x1_5SOLD.jpg,Lorraine Glessner,Blue Brain 1
SOLD-GlessnSanguine12x12x1SOLD.jpg,Lorraine Glessner,Sanguine
SOLD-GlessnGrace12x12x1SOLD.jpg,Lorraine Glessner,Grace
SOLD-GlessnALovelyAndPreciousThing60x48SOLD.jpg,Lorraine Glessner,A Lovely and Precious Thing
SOLD-GlessnFrostFlower2_8x8x1SOLD.jpg,Lorraine Glessner,Frost Flower 2
SOLD-GlessnPouffe12x12x1SOLD.jpg,Lorraine Glessner,Pouffe
SOLD-GlessnMilk12x12x1SOLD.jpg,Lorraine Glessner,Milk
SOLD-GlessnImpossibleUnicorn8x8x1SOLD.jpg,Lorraine Glessner,Impossible Unicorn
N/A,Lorraine Glessner,Forever Rich in Loss
SOLD-GlessnDrowningInTheGreatSaltLake30x40x1SOLD.jpg,Lorraine Glessner,Drowning in the Great Salt Lake
SOLD-GlessnOneThousandWaterfalls48x60SOLD.jpg,Lorraine Glessner,One Thousand Waterfalls
SOLD-GlessnAngelsWithoutWingsDiptychOrSingle2012EncausticHorseHumanHairMixedMediaOnCompostedAndBrandedSilkOnWood24x40SOLD.jpg,Lorraine Glessner,Angels Without Wings
N/A,Lorraine Glessner,"Between Sleep and Dreams 3, 4, 5, and 6"
SOLD-GlessnBlueBrain2_2012EncausticMixedMediaCompostedBrandedSilkPanel36x24x1_5SOLD.jpg,Lorraine Glessner,Blue Brain 2
SOLD-GlessnLiltingLace2013EncausticHorseHumanHairMixedMediaCompostedBrandedSilkPanel48x48x2SOLD.jpg,Lorraine Glessner,Lilting Lace (diptych)
SOLD-GlessnRain2012EncausticHorseHumanHairMixedMediaCompostedBrandedSilkPanel60x30x1_5VerticalSOLD.jpg,Lorraine Glessner,Rain
SOLD-GlessnFakeDaisiesEncaustic18x18$1000sold.jpg,Lorraine Glessner,Fake Daisies
SOLD-GlessnChasingRainbows36x72x1_5SOLD.jpg,Lorraine Glessner,Chasing Rainbows
SOLD-GlessnSunStorm2013EncausticHorseAndHumanHairMixedMediaOnCompostedAndBrandedSilkOnPanel48x48x1_5DiptychSOLD.jpg,Lorraine Glessner,Sun Storm
SOLD-GlessnShooter36x48x1_5SOLD.jpg,Lorraine Glessner,Shooter
SOLD-GlassoRedTrap30x22SOLD.jpg,June Glasson,Red Trap
SOLD-GlassoTheThingsWeGatherAroundOurselves30x41SOLD.jpg,June Glasson,The Things We Gather Around Ourselves
SOLD-GlassoDIANA24x18SOLD.jpg,June Glasson,DIANA
SOLD-GlassoGTGW30x20SOLD.jpg,June Glasson,G.T.G.W.
SOLD-GlassTwoDandelionsBuds12x9SOLD.jpg,Margot Glass,Two Dandelions with Buds
SOLD-GlassTwoDandelionsB12x9SOLD.jpg,Margot Glass,Two Dandelions (B)
SOLD-GamezAncestorsandDescendantsI66x24SOLD.jpg,Carlos Gamez de Francisco,Ancestors and Descendants I
SOLD-GamezdAssimilationWithinTheCulturalStandardsOfTheEuropeansCreolesInCuba45x30SOLD.jpg,Carlos Gamez de Francisco,"Assimilation Within the Cultural Standards of the Europeans, Creoles in Cuba I"
SOLD-GamezWesternAster50x32SOLD.jpg,Carlos Gamez de Francisco,Western Aster
SOLD-GamezHarbourintheSpanishWestIndies66x24SOLD.jpg,Carlos Gamez de Francisco,Harbour in the Spanish West Indies
N/A,Lisa A. Frank,"L. columbinus, dovelike"
SOLD-FrankFearedLoved45.5x44SOLD.jpg,Lisa A. Frank,"Feared, Loved"
SOLD-FrankTheseISingInSpring59x44SOLD.jpg,Lisa A. Frank,"These, I, Singing in Spring....."
SOLD-FrankActiniaeSeeanemonen40x34_5SOLD.jpg,Lisa A. Frank,Actinae.Seeanemonen
SOLD-FrankStillLifeWithHummingbirds46x35SOLD.jpg,Lisa A. Frank,Still Life with Hummingbirds
SOLD-FrankStillLifeWithMonarchs44x35_25SOLD.jpg,Lisa A. Frank,Still Life with Monarchs
N/A,Lisa A. Frank,When Walls Drop Away the Sky is Wide Open
SOLD-FoxLoftyDreams7_5x6SOLD.JPG,Francine Fox,Lofty Dreams
SOLD-FoxHearHearGraphitePaper9_25x18_75SOLD.JPG,Francine Fox,"Hear, Hear (Garrinuck)"
SOLD-FoxElbowedPierrot6x4SOLD.JPG,Francine Fox,Elbowed Pierrot
SOLD-FoxLuna6x4SOLD.JPG,Francine Fox,Luna
SOLD-FoxMalachite6x4SOLD.JPG,Francine Fox,Malachite
SOLD-FoxThreeCommonBlues6x4SOLD.JPG,Francine Fox,Three Common Blues
SOLD-FoxFirstLight10_5x10_25SOLD.JPG,Francine Fox,First Light
SOLD-FoxRisen2013WatercolorGouacheWhiteCharcoalPaper10_5x10_25SOLD.JPG,Francine Fox,Risen
N/A,Francine Fox,Olympia
N/A,Francine Fox,Crest
SOLD-FoxNewBalance2013WatercolorGouacheGraphiteMetalLeafingPaper13_5x10_25SOLD.JPG,Francine Fox,The New Balance
SOLD-FoxChapterSheViceGraphitePaper6x4SOLD.JPG,Francine Fox,Chapter She Vice
SOLD-FoxDawning2013WatercolorGouacheWhiteCharcoalPaper10_5x10_25SOLD.JPG,Francine Fox,Dawning
N/A,Francine Fox,White Violet
N/A,Francine Fox,Ava
N/A,Francine Fox,Martin
SOLD-EnglishRedRoom7x57SOLD.jpeg,Susan English,Red Room
SOLD-EnglisBlue6_5x54x1_5SOLD.jpg,Susan English,Blue
SOLD-EnglishInterlude18x53SOLD.jpeg,Susan English,Interlude
SOLD-EberhaPlasticCup11x11SOLD.jpg,Brett Eberhardt,Plastic Cup
SOLD-EberhaGarwoodStudioJar19x16SOLD.jpg,Brett Eberhardt,Garwood Studio Jar
SOLD-EberhaPeasantSoap23x17SOLD.jpg,Brett Eberhardt,Peasant Soap
SOLD-EberhaStudioCorner29x36SOLD.jpg,Brett Eberhardt,Studio Corner
SOLD-EberhaRemnant32x20SOLD.jpg,Brett Eberhardt,Remnant
SOLD-EberhaBlueBaseboard34x19SOLD.jpg,Brett Eberhardt,Blue Baseboard
SOLD-EberhaPrincetonSprayer18x15SOLD.jpg,Brett Eberhardt,Princeton Sprayer
SOLD-DaubenNo54_30x30x2_5SOLD.jpg,Nancy Daubenspeck,No. 54
SOLD-CruzSunflowers53_33x40SOLD.jpg,Gary Cruz,Sunflowers
SOLD-CruzTulle40x58SOLD.jpg,Gary Cruz,Tulle
SOLD-CollinSilkAndStone15_1_16_996_25_5x26_5SOLD.jpg,David Collins,Silk and Stone 15 (1-16-996)
SOLD-CollinSilkAndStone25_25_5x26_5SOLD.jpg,David Collins,Silk and Stone 25
SOLD-CollinSilkAndStone7_1_16_991_26_5x25SOLD.jpg,David Collins,Silk and Stone 7 (1-16-991)
SOLD-CollinClearstory2_18DiameterSOLD.jpg,David Collins,Clearstory 2
SOLD-CollinPerl3_52x40SOLD.jpg,David Collins,Perl 3
SOLD-CollinSilkAndStone3_1_16_998_25x26_5SOLD.jpg,David Collins,Silk and Stone 3 (1-16-998)
SOLD-CollinSilkAndStone10_25_5x26_5SOLD.jpg,David Collins,Silk and Stone 10
SOLD-CollinSilkAndStone20_25_5x26_5SOLD.jpg,David Collins,Silk and Stone 20
SOLD-CollinSilkAndStone13_1_16_1000_26x25_5SOLD.jpg,David Collins,Silk and Stone 13 (1-16-1000)
SOLD-CollinUntitled44x32SOLD.jpg,David Collins,Untitled
SOLD-CollinNavigatorIII2001OilCanvas42x30SOLD.jpg,David Collins,"Navigator III          $5,000.00"
SOLD-CollinPointsofDeparture44x32HR_SOLD.jpg,David Collins,Points of Departure
SOLD-DColliRefuge46x70$7000.jpg,David Collins,Refuge
SOLD-CollinRussianHill2010AcrylicLinenWoodPanel16x12SOLD.jpg,David Collins,Russian Hill
SOLD-CollinsOutcrop2013AcrylicOnPaperOnLinen44x44SOLD.jpg,David Collins,Outcrop
N/A,David Collins,"Untitled, Monotype"
N/A,David Collins,Paper Crane 7
SOLD-DColliDwell2_08OilAcLin46x70.jpg,David Collins,Dwell II
N/A,David Collins,Cluster IV
N/A,David Collins,Sister\xe2\x80\x99s Desk
N/A,David Collins,Commission
N/A,David Collins,"Untitled, Monotype (blue with green)"
N/A,David Collins,Sister\xe2\x80\x99s Desk
N/A,David Collins,Contrails and Slip Stream 36
N/A,David Collins,Refuge
N/A,David Collins,Prescient Glazier
SOLD-DColliNavigatorIIOLin62x40_2000$6500sold.jpg,David Collins,Navigator II
N/A,David Collins,"WCRIII, 2000"
N/A,David Collins,Beacon 3
N/A,David Collins,Sister\xe2\x80\x99s Desk
N/A,David Collins,Untitled
N/A,David Collins,Paper Birch Vase
N/A,David Collins,"Untitled, Monotype (blue with green)"
N/A,David Collins,Commission
SOLD-CollinLakeHouse2012AcrylicOnLinen44x44SOLD.jpg,David Collins,Lakehouse
SOLD-CollinDressCode18DiameterSOLD.jpeg,David Collins,Dress Code
N/A,David Collins,Distal Notes III
N/A,David Collins,Labyrinth Undone
N/A,David Collins,Approach
N/A,David Collins,Untitled
N/A,David Collins,Navigator 5
N/A,David Collins,Untitled (DCNYC08.10)
SOLD-ChongRulesOfTrade18x18SOLD.JPG,Cecile Chong,Rules of Trade
SOLD-ChongTelephoneTelefonoTinWa26x12inSOLD.JPG,Cecile Chong,Telephone-Tel\xc3\xa9fono-TinWa \xe9\x9b\xbb\xe8\xa9\xb1
SOLD-ChongShortIntroduction48x48SOLD.JPG,Cecile Chong,Short Introduction
SOLD-ChongDNAMatching11_5x8_5SOLD.JPG,Cecile Chong,DNA Matching
SOLD-ChongCagedIn6x8SOLD.jpg,Cecile Chong,Caged In
SOLD-ChongBully6x8SOLD.JPG,Cecile Chong,Bully
SOLD-ChongNearlyFullCapacity11_5x5_5SOLD.JPG,Cecile Chong,Nearly Full Capacity
SOLD-ChongCrowded4inchesdiameterSOLD.png,Cecile Chong,Crowded
N/A,Cecile Chong,Not Seeing Red
SOLD-ChongOtherSide16x14SOLD.JPG,Cecile Chong,Other Side
N/A,Cecile Chong,Winter Blues
N/A,Cecile Chong,Bamboo Stories
N/A,Cecile Chong,Clay Pot
N/A,Cecile Chong,Performance
SOLD-ChongPerfectPitch20x24SOLD.JPG,Cecile Chong,Pefect Pitch
N/A,Cecile Chong,In Between
N/A,Cecile Chong,Lesson 1
N/A,Cecile Chong,Gato
N/A,Cecile Chong,Day II
N/A,Cecile Chong,Something in my Eye
SOLD-CChong_GreenThumb2012Encaustic6x6_450SOLD.JPG,Cecile Chong,Green Thumb
N/A,Cecile Chong,Day 1
N/A,Cecile Chong,Magic Dust
N/A,Cecile Chong,Silk Blouse
N/A,Cecile Chong,Magic Dust
N/A,Cecile Chong,Can\xe2\x80\x99t Catch Me
N/A,Cecile Chong,Girl With Toy
N/A,Cecile Chong,Silk Blouse
N/A,Cecile Chong,Chair
N/A,Cecile Chong,Between Us
N/A,Cecile Chong,Just Curious
N/A,Cecile Chong,Something in my Eye
N/A,Cecile Chong,Me Again
N/A,Cecile Chong,Dance for Me
SOLD-BrownSpill15_5x11_5SOLD.jpg,Gabe Brown,Spill
SOLD-BrownUntitledNumber390_30x22SOLD.jpg,Gabe Brown,Untitled #390
SOLD-BrownDiamondMarsh30x24SOLD.jpg,Gabe Brown,Diamond Marsh
SOLD-BrownUntitled343_30x22HRSOLD.JPG,Gabe Brown,Untitled 343
N/A,Gabe Brown,Rising
SOLD-GBrownForceField2011OilLinenWoodPanel16x12SOLD.jpg,Gabe Brown,Force Field
SOLD-GBrownUntitled303_2012MixedMediaPaper15x11SOLD.JPG,Gabe Brown,Untitled #303
N/A,Gabe Brown,The Sabines
SOLD-GBrownUntitledRedDotsBoat2012MixedMediaPaper15x11FramedSOLD.jpg,Gabe Brown,"Untitled, (red dots, boat)"
SOLD-GBrownUntitledRainbowDropGlacierBoatWater2012MixedMediaPaper15x11FramedSOLD.jpg,Gabe Brown,"Untitled, (rainbow drop, glacier, boat, water)"
SOLD-GBrownUntitled300_15x11SOLD.JPG,Gabe Brown,Untitled #300
SOLD-GBrownUntitledRainboxDropYellow15x11FramedSOLD.jpg,Gabe Brown,"Untitled (rainbow drop, yellow)"
SOLD-BrownUntitledNumber334_30x22SOLD.jpg,Gabe Brown,Untitled #334
SOLD-BrownUntitledTurquoise_30x22framedSOLD.jpg,Gabe Brown,Untitled Turquoise
SOLD-BrownUntitledNumber340_30x22SOLD.jpg,Gabe Brown,Untitled #340
SOLD-GBrownUntitledPrismBottomRedSwirl2006MixedMediaPaper12x9FramedSOLD.jpg,Gabe Brown,"Untitled (multi-color prism, red swirl)"
SOLD-GBrownSwallowedWhole2006OilLinenWoodPanel26x22SOLD.jpg,Gabe Brown,Swallowed Whole
SOLD-BrownUntitledNumber327_30x22SOLD.jpg,Gabe Brown,Untitled #327
SOLD-BrownUntitledNumber369_30x22SOLD.jpg,Gabe Brown,Untitled #369
SOLD-GBrownUntitledGreen_2006MixedMediaPaper12x9FramedSOLD.jpg,Gabe Brown,Untitled (green)
N/A,Gabe Brown,Untitled
SOLD-GBrownUntitled232_2006MixedMediaPaper12x9SOLD.JPG,Gabe Brown,Untitled #232
SOLD-GBrownUntitled312_2012MixedMediaPaper30x22FramedSOLD.JPG,Gabe Brown,Untitled #312
SOLD-BroomTheLongGallery30x45SOLD.jpg,Adrien Broom,The Long Gallery
SOLD-BroomTheDiningRoom40x60SOLD.jpg,Adrien Broom,The Dining Room
SOLD-BattenTwitchyLight30x80SOLD.jpg,Jackie Battenfield,Twitchy Light
SOLD-BattenDarkDelight30x80SOLD.jpg,Jackie Battenfield,Dark Delight
SOLD-BattenSotoVocem1_30x40SOLDHR.jpg,Jackie Battenfield,Soto Voce m1
SOLD-BattenLiquidLightcs1_30x40SOLD.jpg,Jackie Battenfield,Liquid Light cs1
SOLD-BattenBoughDipcs30x40.jpg,Jackie Battenfield,Bough Dip cs
SOLD-BattenTurningMomentsm1_30x40SOLDHR.jpg,Jackie Battenfield,Turning Moments m1
SOLD-BattenDragon50x120SOLD.jpg,Jackie Battenfield,Dragon cs2
SOLD-BattenAllClear40x100SOLD.jpg,Jackie Battenfield,All Clear
N/A,Jackie Battenfield,Dogwood (working title)
N/A,Jackie Battenfield,Leafy Branches (working title)
SOLD-BattenPaleMagnolia30x40SOLD.jpg,Jackie Battenfield,Pale Magnolia
SOLD-BattenOverture40x72SOLD.jpg,Jackie Battenfield,Overture
SOLD-BattenChillyDusk30x40SOLD.jpg,Jackie Battenfield,Chilly Dusk
SOLD-BattenSpringSnap30x40SOLD.jpg,Jackie Battenfield,Spring Snap
SOLD-BattenPaleAzure40x50HRSOLD.jpg,Jackie Battenfield,Pale Azure
N/A,Jackie Battenfield,Leaf: 15 TRIO_5VGH15qac
SOLD-BattenUnderACloudCs2_40x60SOLD.jpg,Jackie Battenfield,Under A Cloud cs2
SOLD-BattenDusk40x50SOLD.jpg,Jackie Battenfield,Dusk
SOLD-BattenDelicateSlope60x40SOLD.jpg,Jackie Battenfield,Delicate Slope
SOLD-BattenGreyMistM1_30x40SOLD.jpg,Jackie Battenfield,Grey Mist m1
SOLD-BattenLavenderWash40x60SOLD.jpg,Jackie Battenfield,Lavender Wash
SOLD-BattenLiquidLight40x72SOLD.jpg,Jackie Battenfield,Liquid Light
SOLD-BattenWarmBreath40x60SOLD.jpg,Jackie Battenfield,Warm Breath
SOLD-BattenUmbra2014AcrylicMylarPanel30x80SOLD.jpg,Jackie Battenfield,Umbra
N/A,Jackie Battenfield,Untitled (Violet Veins)
SOLD-BattenGreyMist2013AcrylicDuraLarPanel40x60SOLD.jpg,Jackie Battenfield,Grey Mist
SOLD-BattenEarlyMagnolia30x40SOLD.jpg,Jackie Battenfield,Early Magnolia
SOLD-BattenHoneyedHazeAcrylicDuraLarPanel40x60.jpgSOLD.jpg,Jackie Battenfield,Honeyed Haze
SOLD-BattenBlueScoops40x50SOLD.jpg,Jackie Battenfield,Blue Scoops
SOLD-BattenSaltLadenAir40x30SOLD.jpg,Jackie Battenfield,Salt Laden Air
SOLD-BattenBoskyGladeAcrylicMylarPanel30x40SOLD.jpg,Jackie Battenfield,Bosky Glade
N/A,Jackie Battenfield,Soto Voce
SOLD-BattenAbloomColorStudy2012AcrylicMylarPanel16x20SOLD.jpg,Jackie Battenfield,Abloom Color Study
SOLD-BattenIndigoAirM1_30x40SOLD.jpg,Jackie Battenfield,Indigo Air m1
SOLD-BattenSyncopated2013AcrylicMylar40x60SOLD.jpg,Jackie Battenfield,Syncopated
SOLD-BattenTrembleAndSpark21_5x20SOLD.jpg,Jackie Battenfield,Tremble and Spark
N/A,Jackie Battenfield,Honeyed Haze m1
N/A,Jackie Battenfield,Honeyed Haze m1
SOLD-BattenRipe20x30SOLD.jpg,Jackie Battenfield,Ripe
SOLD-BattenSotoVocem1_30x40SOLDHR.jpg,Jackie Battenfield,Soto Voce m1
SOLD-BattenLiquidLightcs1_30x40SOLD.jpg,Jackie Battenfield,Liquid Light cs1
SOLD-BattenTurningMomentsm1_30x40SOLDHR.jpg,Jackie Battenfield,Turning Moments m1
SOLD-BattenBoughDipcs30x40.jpg,Jackie Battenfield,Bough Dip cs
SOLD-BattenGreyMist2013AcrylicDuraLarPanel40x60SOLD.jpg,Jackie Battenfield,Grey Mist
SOLD-BattenRadiant2014AcrylicMylarPanel40x50SOLD.jpg,Jackie Battenfield,Radiant
SOLD-BattenHeadlongFallingAcrylicMylarPanel50x40SOLD.jpg,Jackie Battenfield,Headlong Falling
SOLD-BattenSaltLadenAir40x30SOLD.jpg,Jackie Battenfield,Salt Laden Air
SOLD-BattenRaptureInMagenta2011AcrylicMylarPanel40x60HIGHRESSOLD.jpg,Jackie Battenfield,Rapture in Magenta
SOLD-BarrieBrightColorsWillBePermitted12x12SOLD.jpg,Katie Barrie,Bright Colors Will Be Permitted with the Approval of the Architectural Committee
SOLD-AaronBranchDiptych_rt side30x60SOLD.jpg,Christine Aaron,Branch Diptych
SOLD-AaronForestMuseIEncausticOnPantinatedCopper24x24SOLD.jpeg,Christine Aaron,Forest Muse I
SOLD-AaronBeads2_2013OilStickWaxPanel12x12SOLD_.jpg,Christine Aaron,Beads 2
N/A,Christine Aaron,Russet Dawn